name,sector,market,phone,source,ad_status,priority,direct_whatsapp_link,whatsapp_pitch
Kuberji Textiles (Wholesale Sarees),Textiles & Sarees,"Ring Road, Surat",+91 98251 10928,Ring Road Textile Hub,Active Meta Advertiser,HIGH,https://wa.me/919825110928?text=%E0%AA%A8%E0%AA%AE%E0%AA%B8%E0%AB%8D%E0%AA%A4%E0%AB%87%20Kuberji%20Textiles%20%28Wholesale%20Sarees%29%20%E0%AA%B8%E0%AA%BE%E0%AA%B9%E0%AB%87%E0%AA%AC%2C%20%F0%9F%99%8F%0A%0A%E0%AA%A4%E0%AA%AE%E0%AB%87%20%E0%AA%A6%E0%AA%B0%20%E0%AA%AE%E0%AA%B9%E0%AA%BF%E0%AA%A8%E0%AB%87%20%E0%AA%AB%E0%AB%87%E0%AA%B8%E0%AA%AC%E0%AB%81%E0%AA%95%20%E0%AA%85%E0%AA%A8%E0%AB%87%20%E0%AA%87%E0%AA%A8%E0%AB%8D%E0%AA%B8%E0%AB%8D%E0%AA%9F%E0%AA%BE%E0%AA%97%E0%AB%8D%E0%AA%B0%E0%AA%BE%E0%AA%AE%20%E0%AA%8F%E0%AA%A1%E0%AB%8D%E0%AA%B8%20%E0%AA%AA%E0%AA%BE%E0%AA%9B%E0%AA%B3%20%E0%AA%AE%E0%AB%8B%E0%AA%9F%E0%AB%8B%20%E0%AA%96%E0%AA%B0%E0%AB%8D%E0%AA%9A%20%E0%AA%95%E0%AA%B0%E0%AB%8B%20%E0%AA%9B%E0%AB%8B%2C%20%E0%AA%AA%E0%AA%A3%20%E0%AA%A4%E0%AA%AE%E0%AA%BE%E0%AA%B0%E0%AB%80%20%E0%AA%8F%E0%AA%A1%20%E0%AA%A8%E0%AB%80%E0%AA%9A%E0%AB%87%20%E0%AB%A7%E0%AB%AB-%E0%AB%A8%E0%AB%A6%20%E0%AA%B9%E0%AB%8B%E0%AA%B2%E0%AA%B8%E0%AB%87%E0%AA%B2%20%E0%AA%B5%E0%AB%87%E0%AA%AA%E0%AA%BE%E0%AA%B0%E0%AB%80%E0%AA%93%E0%AA%A8%E0%AA%BE%20%E0%AA%AD%E0%AA%BE%E0%AA%B5%20%E0%AA%AA%E0%AB%82%E0%AA%9B%E0%AB%87%E0%AA%B2%E0%AA%BE%20%E0%AA%AE%E0%AB%87%E0%AA%B8%E0%AB%87%E0%AA%9C%20%E0%AA%95%E0%AA%B2%E0%AA%BE%E0%AA%95%E0%AB%8B%20%E0%AA%B8%E0%AB%81%E0%AA%A7%E0%AB%80%20%E0%AA%B5%E0%AA%97%E0%AA%B0%20%E0%AA%9C%E0%AA%B5%E0%AA%BE%E0%AA%AC%E0%AB%87%20%E0%AA%AA%E0%AA%A1%E0%AB%8D%E0%AA%AF%E0%AA%BE%20%E0%AA%B0%E0%AA%B9%E0%AB%87%20%E0%AA%9B%E0%AB%87%21%20%E0%AA%B8%E0%AB%8C%E0%AA%A5%E0%AB%80%20%E0%AA%AE%E0%AB%8B%E0%AA%9F%E0%AB%80%20%E0%AA%AE%E0%AB%81%E0%AA%B6%E0%AB%8D%E0%AA%95%E0%AB%87%E0%AA%B2%E0%AB%80%20%E0%AA%8F%20%E0%AA%9B%E0%AB%87%20%E0%AA%95%E0%AB%87%20%E0%AA%AC%E0%AB%80%E0%AA%9C%E0%AA%BE%20%E0%AA%A6%E0%AA%B2%E0%AA%BE%E0%AA%B2%E0%AB%8B%20%E0%AA%A4%E0%AA%AE%E0%AA%BE%E0%AA%B0%E0%AB%80%20%E0%AA%8F%E0%AA%A1%20%E0%AA%A8%E0%AB%80%E0%AA%9A%E0%AB%87%20%E0%AA%AA%E0%AB%8B%E0%AA%A4%E0%AA%BE%E0%AA%A8%E0%AB%8B%20%E0%AA%A8%E0%AA%82%E0%AA%AC%E0%AA%B0%20%E0%AA%AE%E0%AB%82%E0%AA%95%E0%AB%80%E0%AA%A8%E0%AB%87%20%E0%AA%B8%E0%AB%80%E0%AA%A7%E0%AB%8B%20%E0%AA%A4%E0%AA%AE%E0%AA%BE%E0%AA%B0%E0%AB%8B%20%E0%AA%95%E0%AA%B8%E0%AB%8D%E0%AA%9F%E0%AA%AE%E0%AA%B0%20%E0%AA%9A%E0%AB%8B%E0%AA%B0%E0%AB%80%20%E0%AA%9C%E0%AA%BE%E0%AA%AF%20%E0%AA%9B%E0%AB%87.%0A%0A%E0%AA%85%E0%AA%AE%E0%AB%87%20%E0%AA%96%E0%AA%BE%E0%AA%B8%20%E0%AA%B8%E0%AB%81%E0%AA%B0%E0%AA%A4%E0%AA%A8%E0%AA%BE%20Textiles%20%26%20Sarees%20%E0%AA%B5%E0%AB%87%E0%AA%AA%E0%AA%BE%E0%AA%B0%E0%AB%80%E0%AA%93%20%E0%AA%AE%E0%AA%BE%E0%AA%9F%E0%AB%87%20%22Autonomous%20AI%20Facebook%20Sales%20Agent%22%20%E0%AA%A4%E0%AB%88%E0%AA%AF%E0%AA%BE%E0%AA%B0%20%E0%AA%95%E0%AA%B0%E0%AB%8D%E0%AA%AF%E0%AB%81%E0%AA%82%20%E0%AA%9B%E0%AB%87%3A%0A%0A%E2%9A%A1%20%E0%AB%A6.%E0%AB%A6%E0%AB%AB%20%E0%AA%B8%E0%AB%87%E0%AA%95%E0%AA%A8%E0%AB%8D%E0%AA%A1%E0%AA%AE%E0%AA%BE%E0%AA%82%20%E0%AA%9C%E0%AA%BE%E0%AA%B9%E0%AB%87%E0%AA%B0%20%E0%AA%B0%E0%AA%BF%E0%AA%AA%E0%AB%8D%E0%AA%B2%E0%AA%BE%E0%AA%AF%20%2B%20%E0%AA%AA%E0%AB%8D%E0%AA%B0%E0%AA%BE%E0%AA%87%E0%AA%B5%E0%AB%87%E0%AA%9F%20%E0%AA%AE%E0%AB%87%E0%AA%B8%E0%AB%87%E0%AA%A8%E0%AB%8D%E0%AA%9C%E0%AA%B0%20%E0%AA%A1%E0%AB%80%E0%AA%8F%E0%AA%AE%0A%F0%9F%9B%A1%EF%B8%8F%20%E0%AA%AC%E0%AB%8D%E0%AA%B0%E0%AB%8B%E0%AA%95%E0%AA%B0%20%E0%AA%B6%E0%AB%80%E0%AA%B2%E0%AB%8D%E0%AA%A1%3A%20%E0%AA%95%E0%AB%8B%E0%AA%88%20%E0%AA%A6%E0%AA%B2%E0%AA%BE%E0%AA%B2%20%E0%AA%95%E0%AA%AE%E0%AB%87%E0%AA%A8%E0%AB%8D%E0%AA%9F%E0%AA%AE%E0%AA%BE%E0%AA%82%20%E0%AA%A8%E0%AA%82%E0%AA%AC%E0%AA%B0%20%E0%AA%AE%E0%AB%82%E0%AA%95%E0%AB%87%20%E0%AA%A4%E0%AB%8B%20%E0%AB%A6.%E0%AB%A6%E0%AB%A8%20%E0%AA%B8%E0%AB%87%E0%AA%95%E0%AA%A8%E0%AB%8D%E0%AA%A1%E0%AA%AE%E0%AA%BE%E0%AA%82%20%E0%AA%93%E0%AA%9F%E0%AB%8B-%E0%AA%B9%E0%AA%BE%E0%AA%88%E0%AA%A1%0A%F0%9F%97%A3%EF%B8%8F%20%E0%AA%85%E0%AA%B8%E0%AA%B2%20%E0%AA%B8%E0%AB%81%E0%AA%B0%E0%AA%A4%E0%AB%80%20%E0%AA%B5%E0%AB%87%E0%AA%AA%E0%AA%BE%E0%AA%B0%E0%AB%80%20%E0%AA%AD%E0%AA%BE%E0%AA%B7%E0%AA%BE%20%26%20%E0%AA%AD%E0%AA%BE%E0%AA%B5%E0%AA%AE%E0%AA%BE%E0%AA%82%20%E0%AA%A1%E0%AB%80%E0%AA%B2%E0%AA%BF%E0%AA%82%E0%AA%97%0A%F0%9F%93%B2%20%E0%AA%97%E0%AB%8D%E0%AA%B0%E0%AA%BE%E0%AA%B9%E0%AA%95%20%E0%AA%A8%E0%AA%82%E0%AA%AC%E0%AA%B0%20%E0%AA%86%E0%AA%AA%E0%AB%87%20%E0%AA%95%E0%AB%87%20%E0%AA%A4%E0%AA%B0%E0%AA%A4%20%E0%AA%A4%E0%AA%AE%E0%AA%BE%E0%AA%B0%E0%AA%BE%20Telegram%20%E0%AA%AA%E0%AA%B0%20%E0%AA%B9%E0%AB%8B%E0%AA%9F%20%E0%AA%B2%E0%AB%80%E0%AA%A1%20%E0%AA%8F%E0%AA%B2%E0%AA%B0%E0%AB%8D%E0%AA%9F%21%0A%0A%F0%9F%92%BC%20%E0%AA%96%E0%AA%BE%E0%AA%B8%20%E0%AA%B8%E0%AB%81%E0%AA%B0%E0%AA%A4%20%E0%AA%93%E0%AA%AB%E0%AA%B0%3A%20%E0%AA%93%E0%AA%B0%E0%AB%8D%E0%AA%A1%E0%AA%B0%20%E0%AA%B8%E0%AA%BE%E0%AA%A5%E0%AB%87%20%E0%AA%AE%E0%AA%BE%E0%AA%A4%E0%AB%8D%E0%AA%B0%20%E0%AB%A8%E0%AB%A6%25%20%E0%AA%8F%E0%AA%A1%E0%AA%B5%E0%AA%BE%E0%AA%A8%E0%AB%8D%E0%AA%B8%20%E0%AA%AC%E0%AB%81%E0%AA%95%E0%AA%BF%E0%AA%82%E0%AA%97.%0A%E0%AA%AC%E0%AA%BE%E0%AA%95%E0%AB%80%E0%AA%A8%E0%AA%BE%20%E0%AB%AE%E0%AB%A6%25%20%E0%AA%B0%E0%AA%95%E0%AA%AE%20%E0%AA%A4%E0%AA%AE%E0%AA%BE%E0%AA%B0%E0%AB%80%20%E0%AA%AA%E0%AB%87%E0%AA%9C%20%E0%AA%AA%E0%AA%B0%20AI%20%E0%AA%B2%E0%AA%BE%E0%AA%88%E0%AA%B5%20%E0%AA%A5%E0%AA%88%20%E0%AA%9C%E0%AA%BE%E0%AA%AF%20%E0%AA%A4%E0%AB%87%20%E0%AA%AA%E0%AA%9B%E0%AB%80%20%E0%AA%9C%20%E0%AA%86%E0%AA%AA%E0%AA%B5%E0%AA%BE%E0%AA%A8%E0%AB%80%21%0A%0A%F0%9F%91%89%20%E0%AB%A7%E0%AB%A6%20%E0%AA%B8%E0%AB%87%E0%AA%95%E0%AA%A8%E0%AB%8D%E0%AA%A1%E0%AA%A8%E0%AB%8B%20%E0%AA%B2%E0%AA%BE%E0%AA%88%E0%AA%B5%20%E0%AA%A1%E0%AB%87%E0%AA%AE%E0%AB%8B%20%E0%AA%9A%E0%AB%87%E0%AA%95%20%E0%AA%95%E0%AA%B0%E0%AB%8B%3A%20https%3A//algorise-ai.surge.sh/%23surat-facebook-agent%0A%F0%9F%91%89%20%E0%AA%B5%E0%AA%BF%E0%AA%97%E0%AA%A4%E0%AA%B5%E0%AA%BE%E0%AA%B0%20%E0%AA%AA%E0%AB%8D%E0%AA%B2%E0%AA%BE%E0%AA%A8%20%26%20%E0%AA%AA%E0%AB%8D%E0%AA%B0%E0%AA%BE%E0%AA%87%E0%AA%B8%E0%AA%BF%E0%AA%82%E0%AA%97%3A%20https%3A//algorise-ai.surge.sh/field_pitch.html%0A%0A%E0%AA%86%E0%AA%AA%E0%AA%A8%E0%AA%BE%20%E0%AA%85%E0%AA%A8%E0%AB%81%E0%AA%95%E0%AB%82%E0%AA%B3%20%E0%AA%B8%E0%AA%AE%E0%AA%AF%E0%AB%87%20%E0%AA%B5%E0%AA%BE%E0%AA%A4%20%E0%AA%95%E0%AA%B0%E0%AA%B5%E0%AA%BE%20%E0%AA%B5%E0%AA%BF%E0%AA%A8%E0%AA%82%E0%AA%A4%E0%AB%80.,"નમસ્તે Kuberji Textiles (Wholesale Sarees) સાહેબ, 🙏

તમે દર મહિને ફેસબુક અને ઇન્સ્ટાગ્રામ એડ્સ પાછળ મોટો ખર્ચ કરો છો, પણ તમારી એડ નીચે ૧૫-૨૦ હોલસેલ વેપારીઓના ભાવ પૂછેલા મેસેજ કલાકો સુધી વગર જવાબે પડ્યા રહે છે! સૌથી મોટી મુશ્કેલી એ છે કે બીજા દલાલો તમારી એડ નીચે પોતાનો નંબર મૂકીને સીધો તમારો કસ્ટમર ચોરી જાય છે.

અમે ખાસ સુરતના Textiles & Sarees વેપારીઓ માટે ""Autonomous AI Facebook Sales Agent"" તૈયાર કર્યું છે:

⚡ ૦.૦૫ સેકન્ડમાં જાહેર રિપ્લાય + પ્રાઇવેટ મેસેન્જર ડીએમ
🛡️ બ્રોકર શીલ્ડ: કોઈ દલાલ કમેન્ટમાં નંબર મૂકે તો ૦.૦૨ સેકન્ડમાં ઓટો-હાઈડ
🗣️ અસલ સુરતી વેપારી ભાષા & ભાવમાં ડીલિંગ
📲 ગ્રાહક નંબર આપે કે તરત તમારા Telegram પર હોટ લીડ એલર્ટ!

💼 ખાસ સુરત ઓફર: ઓર્ડર સાથે માત્ર ૨૦% એડવાન્સ બુકિંગ.
બાકીના ૮૦% રકમ તમારી પેજ પર AI લાઈવ થઈ જાય તે પછી જ આપવાની!

👉 ૧૦ સેકન્ડનો લાઈવ ડેમો ચેક કરો: https://algorise-ai.surge.sh/#surat-facebook-agent
👉 વિગતવાર પ્લાન & પ્રાઇસિંગ: https://algorise-ai.surge.sh/field_pitch.html

આપના અનુકૂળ સમયે વાત કરવા વિનંતી."
Radhe Krishna Silk Mills,Textiles & Sarees,"Millennium Textile Market, Surat",+91 99092 44102,Millennium Market Cluster,Active Instagram Ads,HIGH,https://wa.me/919909244102?text=%E0%AA%A8%E0%AA%AE%E0%AA%B8%E0%AB%8D%E0%AA%A4%E0%AB%87%20Radhe%20Krishna%20Silk%20Mills%20%E0%AA%B8%E0%AA%BE%E0%AA%B9%E0%AB%87%E0%AA%AC%2C%20%F0%9F%99%8F%0A%0A%E0%AA%A4%E0%AA%AE%E0%AB%87%20%E0%AA%A6%E0%AA%B0%20%E0%AA%AE%E0%AA%B9%E0%AA%BF%E0%AA%A8%E0%AB%87%20%E0%AA%AB%E0%AB%87%E0%AA%B8%E0%AA%AC%E0%AB%81%E0%AA%95%20%E0%AA%85%E0%AA%A8%E0%AB%87%20%E0%AA%87%E0%AA%A8%E0%AB%8D%E0%AA%B8%E0%AB%8D%E0%AA%9F%E0%AA%BE%E0%AA%97%E0%AB%8D%E0%AA%B0%E0%AA%BE%E0%AA%AE%20%E0%AA%8F%E0%AA%A1%E0%AB%8D%E0%AA%B8%20%E0%AA%AA%E0%AA%BE%E0%AA%9B%E0%AA%B3%20%E0%AA%AE%E0%AB%8B%E0%AA%9F%E0%AB%8B%20%E0%AA%96%E0%AA%B0%E0%AB%8D%E0%AA%9A%20%E0%AA%95%E0%AA%B0%E0%AB%8B%20%E0%AA%9B%E0%AB%8B%2C%20%E0%AA%AA%E0%AA%A3%20%E0%AA%A4%E0%AA%AE%E0%AA%BE%E0%AA%B0%E0%AB%80%20%E0%AA%8F%E0%AA%A1%20%E0%AA%A8%E0%AB%80%E0%AA%9A%E0%AB%87%20%E0%AB%A7%E0%AB%AB-%E0%AB%A8%E0%AB%A6%20%E0%AA%B9%E0%AB%8B%E0%AA%B2%E0%AA%B8%E0%AB%87%E0%AA%B2%20%E0%AA%B5%E0%AB%87%E0%AA%AA%E0%AA%BE%E0%AA%B0%E0%AB%80%E0%AA%93%E0%AA%A8%E0%AA%BE%20%E0%AA%AD%E0%AA%BE%E0%AA%B5%20%E0%AA%AA%E0%AB%82%E0%AA%9B%E0%AB%87%E0%AA%B2%E0%AA%BE%20%E0%AA%AE%E0%AB%87%E0%AA%B8%E0%AB%87%E0%AA%9C%20%E0%AA%95%E0%AA%B2%E0%AA%BE%E0%AA%95%E0%AB%8B%20%E0%AA%B8%E0%AB%81%E0%AA%A7%E0%AB%80%20%E0%AA%B5%E0%AA%97%E0%AA%B0%20%E0%AA%9C%E0%AA%B5%E0%AA%BE%E0%AA%AC%E0%AB%87%20%E0%AA%AA%E0%AA%A1%E0%AB%8D%E0%AA%AF%E0%AA%BE%20%E0%AA%B0%E0%AA%B9%E0%AB%87%20%E0%AA%9B%E0%AB%87%21%20%E0%AA%B8%E0%AB%8C%E0%AA%A5%E0%AB%80%20%E0%AA%AE%E0%AB%8B%E0%AA%9F%E0%AB%80%20%E0%AA%AE%E0%AB%81%E0%AA%B6%E0%AB%8D%E0%AA%95%E0%AB%87%E0%AA%B2%E0%AB%80%20%E0%AA%8F%20%E0%AA%9B%E0%AB%87%20%E0%AA%95%E0%AB%87%20%E0%AA%AC%E0%AB%80%E0%AA%9C%E0%AA%BE%20%E0%AA%A6%E0%AA%B2%E0%AA%BE%E0%AA%B2%E0%AB%8B%20%E0%AA%A4%E0%AA%AE%E0%AA%BE%E0%AA%B0%E0%AB%80%20%E0%AA%8F%E0%AA%A1%20%E0%AA%A8%E0%AB%80%E0%AA%9A%E0%AB%87%20%E0%AA%AA%E0%AB%8B%E0%AA%A4%E0%AA%BE%E0%AA%A8%E0%AB%8B%20%E0%AA%A8%E0%AA%82%E0%AA%AC%E0%AA%B0%20%E0%AA%AE%E0%AB%82%E0%AA%95%E0%AB%80%E0%AA%A8%E0%AB%87%20%E0%AA%B8%E0%AB%80%E0%AA%A7%E0%AB%8B%20%E0%AA%A4%E0%AA%AE%E0%AA%BE%E0%AA%B0%E0%AB%8B%20%E0%AA%95%E0%AA%B8%E0%AB%8D%E0%AA%9F%E0%AA%AE%E0%AA%B0%20%E0%AA%9A%E0%AB%8B%E0%AA%B0%E0%AB%80%20%E0%AA%9C%E0%AA%BE%E0%AA%AF%20%E0%AA%9B%E0%AB%87.%0A%0A%E0%AA%85%E0%AA%AE%E0%AB%87%20%E0%AA%96%E0%AA%BE%E0%AA%B8%20%E0%AA%B8%E0%AB%81%E0%AA%B0%E0%AA%A4%E0%AA%A8%E0%AA%BE%20Textiles%20%26%20Sarees%20%E0%AA%B5%E0%AB%87%E0%AA%AA%E0%AA%BE%E0%AA%B0%E0%AB%80%E0%AA%93%20%E0%AA%AE%E0%AA%BE%E0%AA%9F%E0%AB%87%20%22Autonomous%20AI%20Facebook%20Sales%20Agent%22%20%E0%AA%A4%E0%AB%88%E0%AA%AF%E0%AA%BE%E0%AA%B0%20%E0%AA%95%E0%AA%B0%E0%AB%8D%E0%AA%AF%E0%AB%81%E0%AA%82%20%E0%AA%9B%E0%AB%87%3A%0A%0A%E2%9A%A1%20%E0%AB%A6.%E0%AB%A6%E0%AB%AB%20%E0%AA%B8%E0%AB%87%E0%AA%95%E0%AA%A8%E0%AB%8D%E0%AA%A1%E0%AA%AE%E0%AA%BE%E0%AA%82%20%E0%AA%9C%E0%AA%BE%E0%AA%B9%E0%AB%87%E0%AA%B0%20%E0%AA%B0%E0%AA%BF%E0%AA%AA%E0%AB%8D%E0%AA%B2%E0%AA%BE%E0%AA%AF%20%2B%20%E0%AA%AA%E0%AB%8D%E0%AA%B0%E0%AA%BE%E0%AA%87%E0%AA%B5%E0%AB%87%E0%AA%9F%20%E0%AA%AE%E0%AB%87%E0%AA%B8%E0%AB%87%E0%AA%A8%E0%AB%8D%E0%AA%9C%E0%AA%B0%20%E0%AA%A1%E0%AB%80%E0%AA%8F%E0%AA%AE%0A%F0%9F%9B%A1%EF%B8%8F%20%E0%AA%AC%E0%AB%8D%E0%AA%B0%E0%AB%8B%E0%AA%95%E0%AA%B0%20%E0%AA%B6%E0%AB%80%E0%AA%B2%E0%AB%8D%E0%AA%A1%3A%20%E0%AA%95%E0%AB%8B%E0%AA%88%20%E0%AA%A6%E0%AA%B2%E0%AA%BE%E0%AA%B2%20%E0%AA%95%E0%AA%AE%E0%AB%87%E0%AA%A8%E0%AB%8D%E0%AA%9F%E0%AA%AE%E0%AA%BE%E0%AA%82%20%E0%AA%A8%E0%AA%82%E0%AA%AC%E0%AA%B0%20%E0%AA%AE%E0%AB%82%E0%AA%95%E0%AB%87%20%E0%AA%A4%E0%AB%8B%20%E0%AB%A6.%E0%AB%A6%E0%AB%A8%20%E0%AA%B8%E0%AB%87%E0%AA%95%E0%AA%A8%E0%AB%8D%E0%AA%A1%E0%AA%AE%E0%AA%BE%E0%AA%82%20%E0%AA%93%E0%AA%9F%E0%AB%8B-%E0%AA%B9%E0%AA%BE%E0%AA%88%E0%AA%A1%0A%F0%9F%97%A3%EF%B8%8F%20%E0%AA%85%E0%AA%B8%E0%AA%B2%20%E0%AA%B8%E0%AB%81%E0%AA%B0%E0%AA%A4%E0%AB%80%20%E0%AA%B5%E0%AB%87%E0%AA%AA%E0%AA%BE%E0%AA%B0%E0%AB%80%20%E0%AA%AD%E0%AA%BE%E0%AA%B7%E0%AA%BE%20%26%20%E0%AA%AD%E0%AA%BE%E0%AA%B5%E0%AA%AE%E0%AA%BE%E0%AA%82%20%E0%AA%A1%E0%AB%80%E0%AA%B2%E0%AA%BF%E0%AA%82%E0%AA%97%0A%F0%9F%93%B2%20%E0%AA%97%E0%AB%8D%E0%AA%B0%E0%AA%BE%E0%AA%B9%E0%AA%95%20%E0%AA%A8%E0%AA%82%E0%AA%AC%E0%AA%B0%20%E0%AA%86%E0%AA%AA%E0%AB%87%20%E0%AA%95%E0%AB%87%20%E0%AA%A4%E0%AA%B0%E0%AA%A4%20%E0%AA%A4%E0%AA%AE%E0%AA%BE%E0%AA%B0%E0%AA%BE%20Telegram%20%E0%AA%AA%E0%AA%B0%20%E0%AA%B9%E0%AB%8B%E0%AA%9F%20%E0%AA%B2%E0%AB%80%E0%AA%A1%20%E0%AA%8F%E0%AA%B2%E0%AA%B0%E0%AB%8D%E0%AA%9F%21%0A%0A%F0%9F%92%BC%20%E0%AA%96%E0%AA%BE%E0%AA%B8%20%E0%AA%B8%E0%AB%81%E0%AA%B0%E0%AA%A4%20%E0%AA%93%E0%AA%AB%E0%AA%B0%3A%20%E0%AA%93%E0%AA%B0%E0%AB%8D%E0%AA%A1%E0%AA%B0%20%E0%AA%B8%E0%AA%BE%E0%AA%A5%E0%AB%87%20%E0%AA%AE%E0%AA%BE%E0%AA%A4%E0%AB%8D%E0%AA%B0%20%E0%AB%A8%E0%AB%A6%25%20%E0%AA%8F%E0%AA%A1%E0%AA%B5%E0%AA%BE%E0%AA%A8%E0%AB%8D%E0%AA%B8%20%E0%AA%AC%E0%AB%81%E0%AA%95%E0%AA%BF%E0%AA%82%E0%AA%97.%0A%E0%AA%AC%E0%AA%BE%E0%AA%95%E0%AB%80%E0%AA%A8%E0%AA%BE%20%E0%AB%AE%E0%AB%A6%25%20%E0%AA%B0%E0%AA%95%E0%AA%AE%20%E0%AA%A4%E0%AA%AE%E0%AA%BE%E0%AA%B0%E0%AB%80%20%E0%AA%AA%E0%AB%87%E0%AA%9C%20%E0%AA%AA%E0%AA%B0%20AI%20%E0%AA%B2%E0%AA%BE%E0%AA%88%E0%AA%B5%20%E0%AA%A5%E0%AA%88%20%E0%AA%9C%E0%AA%BE%E0%AA%AF%20%E0%AA%A4%E0%AB%87%20%E0%AA%AA%E0%AA%9B%E0%AB%80%20%E0%AA%9C%20%E0%AA%86%E0%AA%AA%E0%AA%B5%E0%AA%BE%E0%AA%A8%E0%AB%80%21%0A%0A%F0%9F%91%89%20%E0%AB%A7%E0%AB%A6%20%E0%AA%B8%E0%AB%87%E0%AA%95%E0%AA%A8%E0%AB%8D%E0%AA%A1%E0%AA%A8%E0%AB%8B%20%E0%AA%B2%E0%AA%BE%E0%AA%88%E0%AA%B5%20%E0%AA%A1%E0%AB%87%E0%AA%AE%E0%AB%8B%20%E0%AA%9A%E0%AB%87%E0%AA%95%20%E0%AA%95%E0%AA%B0%E0%AB%8B%3A%20https%3A//algorise-ai.surge.sh/%23surat-facebook-agent%0A%F0%9F%91%89%20%E0%AA%B5%E0%AA%BF%E0%AA%97%E0%AA%A4%E0%AA%B5%E0%AA%BE%E0%AA%B0%20%E0%AA%AA%E0%AB%8D%E0%AA%B2%E0%AA%BE%E0%AA%A8%20%26%20%E0%AA%AA%E0%AB%8D%E0%AA%B0%E0%AA%BE%E0%AA%87%E0%AA%B8%E0%AA%BF%E0%AA%82%E0%AA%97%3A%20https%3A//algorise-ai.surge.sh/field_pitch.html%0A%0A%E0%AA%86%E0%AA%AA%E0%AA%A8%E0%AA%BE%20%E0%AA%85%E0%AA%A8%E0%AB%81%E0%AA%95%E0%AB%82%E0%AA%B3%20%E0%AA%B8%E0%AA%AE%E0%AA%AF%E0%AB%87%20%E0%AA%B5%E0%AA%BE%E0%AA%A4%20%E0%AA%95%E0%AA%B0%E0%AA%B5%E0%AA%BE%20%E0%AA%B5%E0%AA%BF%E0%AA%A8%E0%AA%82%E0%AA%A4%E0%AB%80.,"નમસ્તે Radhe Krishna Silk Mills સાહેબ, 🙏

તમે દર મહિને ફેસબુક અને ઇન્સ્ટાગ્રામ એડ્સ પાછળ મોટો ખર્ચ કરો છો, પણ તમારી એડ નીચે ૧૫-૨૦ હોલસેલ વેપારીઓના ભાવ પૂછેલા મેસેજ કલાકો સુધી વગર જવાબે પડ્યા રહે છે! સૌથી મોટી મુશ્કેલી એ છે કે બીજા દલાલો તમારી એડ નીચે પોતાનો નંબર મૂકીને સીધો તમારો કસ્ટમર ચોરી જાય છે.

અમે ખાસ સુરતના Textiles & Sarees વેપારીઓ માટે ""Autonomous AI Facebook Sales Agent"" તૈયાર કર્યું છે:

⚡ ૦.૦૫ સેકન્ડમાં જાહેર રિપ્લાય + પ્રાઇવેટ મેસેન્જર ડીએમ
🛡️ બ્રોકર શીલ્ડ: કોઈ દલાલ કમેન્ટમાં નંબર મૂકે તો ૦.૦૨ સેકન્ડમાં ઓટો-હાઈડ
🗣️ અસલ સુરતી વેપારી ભાષા & ભાવમાં ડીલિંગ
📲 ગ્રાહક નંબર આપે કે તરત તમારા Telegram પર હોટ લીડ એલર્ટ!

💼 ખાસ સુરત ઓફર: ઓર્ડર સાથે માત્ર ૨૦% એડવાન્સ બુકિંગ.
બાકીના ૮૦% રકમ તમારી પેજ પર AI લાઈવ થઈ જાય તે પછી જ આપવાની!

👉 ૧૦ સેકન્ડનો લાઈવ ડેમો ચેક કરો: https://algorise-ai.surge.sh/#surat-facebook-agent
👉 વિગતવાર પ્લાન & પ્રાઇસિંગ: https://algorise-ai.surge.sh/field_pitch.html

આપના અનુકૂળ સમયે વાત કરવા વિનંતી."
Surat CVD Diamonds & Gems,CVD & Lab-Grown Diamonds,"Katargam, Surat",+91 98795 33219,Katargam Diamond Association,High-Ticket B2B Exporter,VERY HIGH,https://wa.me/919879533219?text=%E0%AA%A8%E0%AA%AE%E0%AA%B8%E0%AB%8D%E0%AA%A4%E0%AB%87%20Surat%20CVD%20Diamonds%20%26%20Gems%20%E0%AA%B8%E0%AA%BE%E0%AA%B9%E0%AB%87%E0%AA%AC%2C%20%F0%9F%99%8F%0A%0A%E0%AA%A4%E0%AA%AE%E0%AB%87%20%E0%AA%A6%E0%AA%B0%20%E0%AA%AE%E0%AA%B9%E0%AA%BF%E0%AA%A8%E0%AB%87%20%E0%AA%AB%E0%AB%87%E0%AA%B8%E0%AA%AC%E0%AB%81%E0%AA%95%20%E0%AA%85%E0%AA%A8%E0%AB%87%20%E0%AA%87%E0%AA%A8%E0%AB%8D%E0%AA%B8%E0%AB%8D%E0%AA%9F%E0%AA%BE%E0%AA%97%E0%AB%8D%E0%AA%B0%E0%AA%BE%E0%AA%AE%20%E0%AA%8F%E0%AA%A1%E0%AB%8D%E0%AA%B8%20%E0%AA%AA%E0%AA%BE%E0%AA%9B%E0%AA%B3%20%E0%AA%AE%E0%AB%8B%E0%AA%9F%E0%AB%8B%20%E0%AA%96%E0%AA%B0%E0%AB%8D%E0%AA%9A%20%E0%AA%95%E0%AA%B0%E0%AB%8B%20%E0%AA%9B%E0%AB%8B%2C%20%E0%AA%AA%E0%AA%A3%20%E0%AA%A4%E0%AA%AE%E0%AA%BE%E0%AA%B0%E0%AB%80%20%E0%AA%8F%E0%AA%A1%20%E0%AA%A8%E0%AB%80%E0%AA%9A%E0%AB%87%20%E0%AB%A7%E0%AB%AB-%E0%AB%A8%E0%AB%A6%20%E0%AA%B9%E0%AB%8B%E0%AA%B2%E0%AA%B8%E0%AB%87%E0%AA%B2%20%E0%AA%B5%E0%AB%87%E0%AA%AA%E0%AA%BE%E0%AA%B0%E0%AB%80%E0%AA%93%E0%AA%A8%E0%AA%BE%20%E0%AA%AD%E0%AA%BE%E0%AA%B5%20%E0%AA%AA%E0%AB%82%E0%AA%9B%E0%AB%87%E0%AA%B2%E0%AA%BE%20%E0%AA%AE%E0%AB%87%E0%AA%B8%E0%AB%87%E0%AA%9C%20%E0%AA%95%E0%AA%B2%E0%AA%BE%E0%AA%95%E0%AB%8B%20%E0%AA%B8%E0%AB%81%E0%AA%A7%E0%AB%80%20%E0%AA%B5%E0%AA%97%E0%AA%B0%20%E0%AA%9C%E0%AA%B5%E0%AA%BE%E0%AA%AC%E0%AB%87%20%E0%AA%AA%E0%AA%A1%E0%AB%8D%E0%AA%AF%E0%AA%BE%20%E0%AA%B0%E0%AA%B9%E0%AB%87%20%E0%AA%9B%E0%AB%87%21%20%E0%AA%B8%E0%AB%8C%E0%AA%A5%E0%AB%80%20%E0%AA%AE%E0%AB%8B%E0%AA%9F%E0%AB%80%20%E0%AA%AE%E0%AB%81%E0%AA%B6%E0%AB%8D%E0%AA%95%E0%AB%87%E0%AA%B2%E0%AB%80%20%E0%AA%8F%20%E0%AA%9B%E0%AB%87%20%E0%AA%95%E0%AB%87%20%E0%AA%AC%E0%AB%80%E0%AA%9C%E0%AA%BE%20%E0%AA%A6%E0%AA%B2%E0%AA%BE%E0%AA%B2%E0%AB%8B%20%E0%AA%A4%E0%AA%AE%E0%AA%BE%E0%AA%B0%E0%AB%80%20%E0%AA%8F%E0%AA%A1%20%E0%AA%A8%E0%AB%80%E0%AA%9A%E0%AB%87%20%E0%AA%AA%E0%AB%8B%E0%AA%A4%E0%AA%BE%E0%AA%A8%E0%AB%8B%20%E0%AA%A8%E0%AA%82%E0%AA%AC%E0%AA%B0%20%E0%AA%AE%E0%AB%82%E0%AA%95%E0%AB%80%E0%AA%A8%E0%AB%87%20%E0%AA%B8%E0%AB%80%E0%AA%A7%E0%AB%8B%20%E0%AA%A4%E0%AA%AE%E0%AA%BE%E0%AA%B0%E0%AB%8B%20%E0%AA%95%E0%AA%B8%E0%AB%8D%E0%AA%9F%E0%AA%AE%E0%AA%B0%20%E0%AA%9A%E0%AB%8B%E0%AA%B0%E0%AB%80%20%E0%AA%9C%E0%AA%BE%E0%AA%AF%20%E0%AA%9B%E0%AB%87.%0A%0A%E0%AA%85%E0%AA%AE%E0%AB%87%20%E0%AA%96%E0%AA%BE%E0%AA%B8%20%E0%AA%B8%E0%AB%81%E0%AA%B0%E0%AA%A4%E0%AA%A8%E0%AA%BE%20CVD%20%26%20Lab-Grown%20Diamonds%20%E0%AA%B5%E0%AB%87%E0%AA%AA%E0%AA%BE%E0%AA%B0%E0%AB%80%E0%AA%93%20%E0%AA%AE%E0%AA%BE%E0%AA%9F%E0%AB%87%20%22Autonomous%20AI%20Facebook%20Sales%20Agent%22%20%E0%AA%A4%E0%AB%88%E0%AA%AF%E0%AA%BE%E0%AA%B0%20%E0%AA%95%E0%AA%B0%E0%AB%8D%E0%AA%AF%E0%AB%81%E0%AA%82%20%E0%AA%9B%E0%AB%87%3A%0A%0A%E2%9A%A1%20%E0%AB%A6.%E0%AB%A6%E0%AB%AB%20%E0%AA%B8%E0%AB%87%E0%AA%95%E0%AA%A8%E0%AB%8D%E0%AA%A1%E0%AA%AE%E0%AA%BE%E0%AA%82%20%E0%AA%9C%E0%AA%BE%E0%AA%B9%E0%AB%87%E0%AA%B0%20%E0%AA%B0%E0%AA%BF%E0%AA%AA%E0%AB%8D%E0%AA%B2%E0%AA%BE%E0%AA%AF%20%2B%20%E0%AA%AA%E0%AB%8D%E0%AA%B0%E0%AA%BE%E0%AA%87%E0%AA%B5%E0%AB%87%E0%AA%9F%20%E0%AA%AE%E0%AB%87%E0%AA%B8%E0%AB%87%E0%AA%A8%E0%AB%8D%E0%AA%9C%E0%AA%B0%20%E0%AA%A1%E0%AB%80%E0%AA%8F%E0%AA%AE%0A%F0%9F%9B%A1%EF%B8%8F%20%E0%AA%AC%E0%AB%8D%E0%AA%B0%E0%AB%8B%E0%AA%95%E0%AA%B0%20%E0%AA%B6%E0%AB%80%E0%AA%B2%E0%AB%8D%E0%AA%A1%3A%20%E0%AA%95%E0%AB%8B%E0%AA%88%20%E0%AA%A6%E0%AA%B2%E0%AA%BE%E0%AA%B2%20%E0%AA%95%E0%AA%AE%E0%AB%87%E0%AA%A8%E0%AB%8D%E0%AA%9F%E0%AA%AE%E0%AA%BE%E0%AA%82%20%E0%AA%A8%E0%AA%82%E0%AA%AC%E0%AA%B0%20%E0%AA%AE%E0%AB%82%E0%AA%95%E0%AB%87%20%E0%AA%A4%E0%AB%8B%20%E0%AB%A6.%E0%AB%A6%E0%AB%A8%20%E0%AA%B8%E0%AB%87%E0%AA%95%E0%AA%A8%E0%AB%8D%E0%AA%A1%E0%AA%AE%E0%AA%BE%E0%AA%82%20%E0%AA%93%E0%AA%9F%E0%AB%8B-%E0%AA%B9%E0%AA%BE%E0%AA%88%E0%AA%A1%0A%F0%9F%97%A3%EF%B8%8F%20%E0%AA%85%E0%AA%B8%E0%AA%B2%20%E0%AA%B8%E0%AB%81%E0%AA%B0%E0%AA%A4%E0%AB%80%20%E0%AA%B5%E0%AB%87%E0%AA%AA%E0%AA%BE%E0%AA%B0%E0%AB%80%20%E0%AA%AD%E0%AA%BE%E0%AA%B7%E0%AA%BE%20%26%20%E0%AA%AD%E0%AA%BE%E0%AA%B5%E0%AA%AE%E0%AA%BE%E0%AA%82%20%E0%AA%A1%E0%AB%80%E0%AA%B2%E0%AA%BF%E0%AA%82%E0%AA%97%0A%F0%9F%93%B2%20%E0%AA%97%E0%AB%8D%E0%AA%B0%E0%AA%BE%E0%AA%B9%E0%AA%95%20%E0%AA%A8%E0%AA%82%E0%AA%AC%E0%AA%B0%20%E0%AA%86%E0%AA%AA%E0%AB%87%20%E0%AA%95%E0%AB%87%20%E0%AA%A4%E0%AA%B0%E0%AA%A4%20%E0%AA%A4%E0%AA%AE%E0%AA%BE%E0%AA%B0%E0%AA%BE%20Telegram%20%E0%AA%AA%E0%AA%B0%20%E0%AA%B9%E0%AB%8B%E0%AA%9F%20%E0%AA%B2%E0%AB%80%E0%AA%A1%20%E0%AA%8F%E0%AA%B2%E0%AA%B0%E0%AB%8D%E0%AA%9F%21%0A%0A%F0%9F%92%BC%20%E0%AA%96%E0%AA%BE%E0%AA%B8%20%E0%AA%B8%E0%AB%81%E0%AA%B0%E0%AA%A4%20%E0%AA%93%E0%AA%AB%E0%AA%B0%3A%20%E0%AA%93%E0%AA%B0%E0%AB%8D%E0%AA%A1%E0%AA%B0%20%E0%AA%B8%E0%AA%BE%E0%AA%A5%E0%AB%87%20%E0%AA%AE%E0%AA%BE%E0%AA%A4%E0%AB%8D%E0%AA%B0%20%E0%AB%A8%E0%AB%A6%25%20%E0%AA%8F%E0%AA%A1%E0%AA%B5%E0%AA%BE%E0%AA%A8%E0%AB%8D%E0%AA%B8%20%E0%AA%AC%E0%AB%81%E0%AA%95%E0%AA%BF%E0%AA%82%E0%AA%97.%0A%E0%AA%AC%E0%AA%BE%E0%AA%95%E0%AB%80%E0%AA%A8%E0%AA%BE%20%E0%AB%AE%E0%AB%A6%25%20%E0%AA%B0%E0%AA%95%E0%AA%AE%20%E0%AA%A4%E0%AA%AE%E0%AA%BE%E0%AA%B0%E0%AB%80%20%E0%AA%AA%E0%AB%87%E0%AA%9C%20%E0%AA%AA%E0%AA%B0%20AI%20%E0%AA%B2%E0%AA%BE%E0%AA%88%E0%AA%B5%20%E0%AA%A5%E0%AA%88%20%E0%AA%9C%E0%AA%BE%E0%AA%AF%20%E0%AA%A4%E0%AB%87%20%E0%AA%AA%E0%AA%9B%E0%AB%80%20%E0%AA%9C%20%E0%AA%86%E0%AA%AA%E0%AA%B5%E0%AA%BE%E0%AA%A8%E0%AB%80%21%0A%0A%F0%9F%91%89%20%E0%AB%A7%E0%AB%A6%20%E0%AA%B8%E0%AB%87%E0%AA%95%E0%AA%A8%E0%AB%8D%E0%AA%A1%E0%AA%A8%E0%AB%8B%20%E0%AA%B2%E0%AA%BE%E0%AA%88%E0%AA%B5%20%E0%AA%A1%E0%AB%87%E0%AA%AE%E0%AB%8B%20%E0%AA%9A%E0%AB%87%E0%AA%95%20%E0%AA%95%E0%AA%B0%E0%AB%8B%3A%20https%3A//algorise-ai.surge.sh/%23surat-facebook-agent%0A%F0%9F%91%89%20%E0%AA%B5%E0%AA%BF%E0%AA%97%E0%AA%A4%E0%AA%B5%E0%AA%BE%E0%AA%B0%20%E0%AA%AA%E0%AB%8D%E0%AA%B2%E0%AA%BE%E0%AA%A8%20%26%20%E0%AA%AA%E0%AB%8D%E0%AA%B0%E0%AA%BE%E0%AA%87%E0%AA%B8%E0%AA%BF%E0%AA%82%E0%AA%97%3A%20https%3A//algorise-ai.surge.sh/field_pitch.html%0A%0A%E0%AA%86%E0%AA%AA%E0%AA%A8%E0%AA%BE%20%E0%AA%85%E0%AA%A8%E0%AB%81%E0%AA%95%E0%AB%82%E0%AA%B3%20%E0%AA%B8%E0%AA%AE%E0%AA%AF%E0%AB%87%20%E0%AA%B5%E0%AA%BE%E0%AA%A4%20%E0%AA%95%E0%AA%B0%E0%AA%B5%E0%AA%BE%20%E0%AA%B5%E0%AA%BF%E0%AA%A8%E0%AA%82%E0%AA%A4%E0%AB%80.,"નમસ્તે Surat CVD Diamonds & Gems સાહેબ, 🙏

તમે દર મહિને ફેસબુક અને ઇન્સ્ટાગ્રામ એડ્સ પાછળ મોટો ખર્ચ કરો છો, પણ તમારી એડ નીચે ૧૫-૨૦ હોલસેલ વેપારીઓના ભાવ પૂછેલા મેસેજ કલાકો સુધી વગર જવાબે પડ્યા રહે છે! સૌથી મોટી મુશ્કેલી એ છે કે બીજા દલાલો તમારી એડ નીચે પોતાનો નંબર મૂકીને સીધો તમારો કસ્ટમર ચોરી જાય છે.

અમે ખાસ સુરતના CVD & Lab-Grown Diamonds વેપારીઓ માટે ""Autonomous AI Facebook Sales Agent"" તૈયાર કર્યું છે:

⚡ ૦.૦૫ સેકન્ડમાં જાહેર રિપ્લાય + પ્રાઇવેટ મેસેન્જર ડીએમ
🛡️ બ્રોકર શીલ્ડ: કોઈ દલાલ કમેન્ટમાં નંબર મૂકે તો ૦.૦૨ સેકન્ડમાં ઓટો-હાઈડ
🗣️ અસલ સુરતી વેપારી ભાષા & ભાવમાં ડીલિંગ
📲 ગ્રાહક નંબર આપે કે તરત તમારા Telegram પર હોટ લીડ એલર્ટ!

💼 ખાસ સુરત ઓફર: ઓર્ડર સાથે માત્ર ૨૦% એડવાન્સ બુકિંગ.
બાકીના ૮૦% રકમ તમારી પેજ પર AI લાઈવ થઈ જાય તે પછી જ આપવાની!

👉 ૧૦ સેકન્ડનો લાઈવ ડેમો ચેક કરો: https://algorise-ai.surge.sh/#surat-facebook-agent
👉 વિગતવાર પ્લાન & પ્રાઇસિંગ: https://algorise-ai.surge.sh/field_pitch.html

આપના અનુકૂળ સમયે વાત કરવા વિનંતી."
Shree Ram Creators & Kurti Hub,Kurti & Dress Material,"Sahara Darwaja, Surat",+91 98241 88921,Sahara Darwaja Wholesale,Catalog Ad Running,HIGH,https://wa.me/919824188921?text=%E0%AA%A8%E0%AA%AE%E0%AA%B8%E0%AB%8D%E0%AA%A4%E0%AB%87%20Shree%20Ram%20Creators%20%26%20Kurti%20Hub%20%E0%AA%B8%E0%AA%BE%E0%AA%B9%E0%AB%87%E0%AA%AC%2C%20%F0%9F%99%8F%0A%0A%E0%AA%A4%E0%AA%AE%E0%AB%87%20%E0%AA%A6%E0%AA%B0%20%E0%AA%AE%E0%AA%B9%E0%AA%BF%E0%AA%A8%E0%AB%87%20%E0%AA%AB%E0%AB%87%E0%AA%B8%E0%AA%AC%E0%AB%81%E0%AA%95%20%E0%AA%85%E0%AA%A8%E0%AB%87%20%E0%AA%87%E0%AA%A8%E0%AB%8D%E0%AA%B8%E0%AB%8D%E0%AA%9F%E0%AA%BE%E0%AA%97%E0%AB%8D%E0%AA%B0%E0%AA%BE%E0%AA%AE%20%E0%AA%8F%E0%AA%A1%E0%AB%8D%E0%AA%B8%20%E0%AA%AA%E0%AA%BE%E0%AA%9B%E0%AA%B3%20%E0%AA%AE%E0%AB%8B%E0%AA%9F%E0%AB%8B%20%E0%AA%96%E0%AA%B0%E0%AB%8D%E0%AA%9A%20%E0%AA%95%E0%AA%B0%E0%AB%8B%20%E0%AA%9B%E0%AB%8B%2C%20%E0%AA%AA%E0%AA%A3%20%E0%AA%A4%E0%AA%AE%E0%AA%BE%E0%AA%B0%E0%AB%80%20%E0%AA%8F%E0%AA%A1%20%E0%AA%A8%E0%AB%80%E0%AA%9A%E0%AB%87%20%E0%AB%A7%E0%AB%AB-%E0%AB%A8%E0%AB%A6%20%E0%AA%B9%E0%AB%8B%E0%AA%B2%E0%AA%B8%E0%AB%87%E0%AA%B2%20%E0%AA%B5%E0%AB%87%E0%AA%AA%E0%AA%BE%E0%AA%B0%E0%AB%80%E0%AA%93%E0%AA%A8%E0%AA%BE%20%E0%AA%AD%E0%AA%BE%E0%AA%B5%20%E0%AA%AA%E0%AB%82%E0%AA%9B%E0%AB%87%E0%AA%B2%E0%AA%BE%20%E0%AA%AE%E0%AB%87%E0%AA%B8%E0%AB%87%E0%AA%9C%20%E0%AA%95%E0%AA%B2%E0%AA%BE%E0%AA%95%E0%AB%8B%20%E0%AA%B8%E0%AB%81%E0%AA%A7%E0%AB%80%20%E0%AA%B5%E0%AA%97%E0%AA%B0%20%E0%AA%9C%E0%AA%B5%E0%AA%BE%E0%AA%AC%E0%AB%87%20%E0%AA%AA%E0%AA%A1%E0%AB%8D%E0%AA%AF%E0%AA%BE%20%E0%AA%B0%E0%AA%B9%E0%AB%87%20%E0%AA%9B%E0%AB%87%21%20%E0%AA%B8%E0%AB%8C%E0%AA%A5%E0%AB%80%20%E0%AA%AE%E0%AB%8B%E0%AA%9F%E0%AB%80%20%E0%AA%AE%E0%AB%81%E0%AA%B6%E0%AB%8D%E0%AA%95%E0%AB%87%E0%AA%B2%E0%AB%80%20%E0%AA%8F%20%E0%AA%9B%E0%AB%87%20%E0%AA%95%E0%AB%87%20%E0%AA%AC%E0%AB%80%E0%AA%9C%E0%AA%BE%20%E0%AA%A6%E0%AA%B2%E0%AA%BE%E0%AA%B2%E0%AB%8B%20%E0%AA%A4%E0%AA%AE%E0%AA%BE%E0%AA%B0%E0%AB%80%20%E0%AA%8F%E0%AA%A1%20%E0%AA%A8%E0%AB%80%E0%AA%9A%E0%AB%87%20%E0%AA%AA%E0%AB%8B%E0%AA%A4%E0%AA%BE%E0%AA%A8%E0%AB%8B%20%E0%AA%A8%E0%AA%82%E0%AA%AC%E0%AA%B0%20%E0%AA%AE%E0%AB%82%E0%AA%95%E0%AB%80%E0%AA%A8%E0%AB%87%20%E0%AA%B8%E0%AB%80%E0%AA%A7%E0%AB%8B%20%E0%AA%A4%E0%AA%AE%E0%AA%BE%E0%AA%B0%E0%AB%8B%20%E0%AA%95%E0%AA%B8%E0%AB%8D%E0%AA%9F%E0%AA%AE%E0%AA%B0%20%E0%AA%9A%E0%AB%8B%E0%AA%B0%E0%AB%80%20%E0%AA%9C%E0%AA%BE%E0%AA%AF%20%E0%AA%9B%E0%AB%87.%0A%0A%E0%AA%85%E0%AA%AE%E0%AB%87%20%E0%AA%96%E0%AA%BE%E0%AA%B8%20%E0%AA%B8%E0%AB%81%E0%AA%B0%E0%AA%A4%E0%AA%A8%E0%AA%BE%20Kurti%20%26%20Dress%20Material%20%E0%AA%B5%E0%AB%87%E0%AA%AA%E0%AA%BE%E0%AA%B0%E0%AB%80%E0%AA%93%20%E0%AA%AE%E0%AA%BE%E0%AA%9F%E0%AB%87%20%22Autonomous%20AI%20Facebook%20Sales%20Agent%22%20%E0%AA%A4%E0%AB%88%E0%AA%AF%E0%AA%BE%E0%AA%B0%20%E0%AA%95%E0%AA%B0%E0%AB%8D%E0%AA%AF%E0%AB%81%E0%AA%82%20%E0%AA%9B%E0%AB%87%3A%0A%0A%E2%9A%A1%20%E0%AB%A6.%E0%AB%A6%E0%AB%AB%20%E0%AA%B8%E0%AB%87%E0%AA%95%E0%AA%A8%E0%AB%8D%E0%AA%A1%E0%AA%AE%E0%AA%BE%E0%AA%82%20%E0%AA%9C%E0%AA%BE%E0%AA%B9%E0%AB%87%E0%AA%B0%20%E0%AA%B0%E0%AA%BF%E0%AA%AA%E0%AB%8D%E0%AA%B2%E0%AA%BE%E0%AA%AF%20%2B%20%E0%AA%AA%E0%AB%8D%E0%AA%B0%E0%AA%BE%E0%AA%87%E0%AA%B5%E0%AB%87%E0%AA%9F%20%E0%AA%AE%E0%AB%87%E0%AA%B8%E0%AB%87%E0%AA%A8%E0%AB%8D%E0%AA%9C%E0%AA%B0%20%E0%AA%A1%E0%AB%80%E0%AA%8F%E0%AA%AE%0A%F0%9F%9B%A1%EF%B8%8F%20%E0%AA%AC%E0%AB%8D%E0%AA%B0%E0%AB%8B%E0%AA%95%E0%AA%B0%20%E0%AA%B6%E0%AB%80%E0%AA%B2%E0%AB%8D%E0%AA%A1%3A%20%E0%AA%95%E0%AB%8B%E0%AA%88%20%E0%AA%A6%E0%AA%B2%E0%AA%BE%E0%AA%B2%20%E0%AA%95%E0%AA%AE%E0%AB%87%E0%AA%A8%E0%AB%8D%E0%AA%9F%E0%AA%AE%E0%AA%BE%E0%AA%82%20%E0%AA%A8%E0%AA%82%E0%AA%AC%E0%AA%B0%20%E0%AA%AE%E0%AB%82%E0%AA%95%E0%AB%87%20%E0%AA%A4%E0%AB%8B%20%E0%AB%A6.%E0%AB%A6%E0%AB%A8%20%E0%AA%B8%E0%AB%87%E0%AA%95%E0%AA%A8%E0%AB%8D%E0%AA%A1%E0%AA%AE%E0%AA%BE%E0%AA%82%20%E0%AA%93%E0%AA%9F%E0%AB%8B-%E0%AA%B9%E0%AA%BE%E0%AA%88%E0%AA%A1%0A%F0%9F%97%A3%EF%B8%8F%20%E0%AA%85%E0%AA%B8%E0%AA%B2%20%E0%AA%B8%E0%AB%81%E0%AA%B0%E0%AA%A4%E0%AB%80%20%E0%AA%B5%E0%AB%87%E0%AA%AA%E0%AA%BE%E0%AA%B0%E0%AB%80%20%E0%AA%AD%E0%AA%BE%E0%AA%B7%E0%AA%BE%20%26%20%E0%AA%AD%E0%AA%BE%E0%AA%B5%E0%AA%AE%E0%AA%BE%E0%AA%82%20%E0%AA%A1%E0%AB%80%E0%AA%B2%E0%AA%BF%E0%AA%82%E0%AA%97%0A%F0%9F%93%B2%20%E0%AA%97%E0%AB%8D%E0%AA%B0%E0%AA%BE%E0%AA%B9%E0%AA%95%20%E0%AA%A8%E0%AA%82%E0%AA%AC%E0%AA%B0%20%E0%AA%86%E0%AA%AA%E0%AB%87%20%E0%AA%95%E0%AB%87%20%E0%AA%A4%E0%AA%B0%E0%AA%A4%20%E0%AA%A4%E0%AA%AE%E0%AA%BE%E0%AA%B0%E0%AA%BE%20Telegram%20%E0%AA%AA%E0%AA%B0%20%E0%AA%B9%E0%AB%8B%E0%AA%9F%20%E0%AA%B2%E0%AB%80%E0%AA%A1%20%E0%AA%8F%E0%AA%B2%E0%AA%B0%E0%AB%8D%E0%AA%9F%21%0A%0A%F0%9F%92%BC%20%E0%AA%96%E0%AA%BE%E0%AA%B8%20%E0%AA%B8%E0%AB%81%E0%AA%B0%E0%AA%A4%20%E0%AA%93%E0%AA%AB%E0%AA%B0%3A%20%E0%AA%93%E0%AA%B0%E0%AB%8D%E0%AA%A1%E0%AA%B0%20%E0%AA%B8%E0%AA%BE%E0%AA%A5%E0%AB%87%20%E0%AA%AE%E0%AA%BE%E0%AA%A4%E0%AB%8D%E0%AA%B0%20%E0%AB%A8%E0%AB%A6%25%20%E0%AA%8F%E0%AA%A1%E0%AA%B5%E0%AA%BE%E0%AA%A8%E0%AB%8D%E0%AA%B8%20%E0%AA%AC%E0%AB%81%E0%AA%95%E0%AA%BF%E0%AA%82%E0%AA%97.%0A%E0%AA%AC%E0%AA%BE%E0%AA%95%E0%AB%80%E0%AA%A8%E0%AA%BE%20%E0%AB%AE%E0%AB%A6%25%20%E0%AA%B0%E0%AA%95%E0%AA%AE%20%E0%AA%A4%E0%AA%AE%E0%AA%BE%E0%AA%B0%E0%AB%80%20%E0%AA%AA%E0%AB%87%E0%AA%9C%20%E0%AA%AA%E0%AA%B0%20AI%20%E0%AA%B2%E0%AA%BE%E0%AA%88%E0%AA%B5%20%E0%AA%A5%E0%AA%88%20%E0%AA%9C%E0%AA%BE%E0%AA%AF%20%E0%AA%A4%E0%AB%87%20%E0%AA%AA%E0%AA%9B%E0%AB%80%20%E0%AA%9C%20%E0%AA%86%E0%AA%AA%E0%AA%B5%E0%AA%BE%E0%AA%A8%E0%AB%80%21%0A%0A%F0%9F%91%89%20%E0%AB%A7%E0%AB%A6%20%E0%AA%B8%E0%AB%87%E0%AA%95%E0%AA%A8%E0%AB%8D%E0%AA%A1%E0%AA%A8%E0%AB%8B%20%E0%AA%B2%E0%AA%BE%E0%AA%88%E0%AA%B5%20%E0%AA%A1%E0%AB%87%E0%AA%AE%E0%AB%8B%20%E0%AA%9A%E0%AB%87%E0%AA%95%20%E0%AA%95%E0%AA%B0%E0%AB%8B%3A%20https%3A//algorise-ai.surge.sh/%23surat-facebook-agent%0A%F0%9F%91%89%20%E0%AA%B5%E0%AA%BF%E0%AA%97%E0%AA%A4%E0%AA%B5%E0%AA%BE%E0%AA%B0%20%E0%AA%AA%E0%AB%8D%E0%AA%B2%E0%AA%BE%E0%AA%A8%20%26%20%E0%AA%AA%E0%AB%8D%E0%AA%B0%E0%AA%BE%E0%AA%87%E0%AA%B8%E0%AA%BF%E0%AA%82%E0%AA%97%3A%20https%3A//algorise-ai.surge.sh/field_pitch.html%0A%0A%E0%AA%86%E0%AA%AA%E0%AA%A8%E0%AA%BE%20%E0%AA%85%E0%AA%A8%E0%AB%81%E0%AA%95%E0%AB%82%E0%AA%B3%20%E0%AA%B8%E0%AA%AE%E0%AA%AF%E0%AB%87%20%E0%AA%B5%E0%AA%BE%E0%AA%A4%20%E0%AA%95%E0%AA%B0%E0%AA%B5%E0%AA%BE%20%E0%AA%B5%E0%AA%BF%E0%AA%A8%E0%AA%82%E0%AA%A4%E0%AB%80.,"નમસ્તે Shree Ram Creators & Kurti Hub સાહેબ, 🙏

તમે દર મહિને ફેસબુક અને ઇન્સ્ટાગ્રામ એડ્સ પાછળ મોટો ખર્ચ કરો છો, પણ તમારી એડ નીચે ૧૫-૨૦ હોલસેલ વેપારીઓના ભાવ પૂછેલા મેસેજ કલાકો સુધી વગર જવાબે પડ્યા રહે છે! સૌથી મોટી મુશ્કેલી એ છે કે બીજા દલાલો તમારી એડ નીચે પોતાનો નંબર મૂકીને સીધો તમારો કસ્ટમર ચોરી જાય છે.

અમે ખાસ સુરતના Kurti & Dress Material વેપારીઓ માટે ""Autonomous AI Facebook Sales Agent"" તૈયાર કર્યું છે:

⚡ ૦.૦૫ સેકન્ડમાં જાહેર રિપ્લાય + પ્રાઇવેટ મેસેન્જર ડીએમ
🛡️ બ્રોકર શીલ્ડ: કોઈ દલાલ કમેન્ટમાં નંબર મૂકે તો ૦.૦૨ સેકન્ડમાં ઓટો-હાઈડ
🗣️ અસલ સુરતી વેપારી ભાષા & ભાવમાં ડીલિંગ
📲 ગ્રાહક નંબર આપે કે તરત તમારા Telegram પર હોટ લીડ એલર્ટ!

💼 ખાસ સુરત ઓફર: ઓર્ડર સાથે માત્ર ૨૦% એડવાન્સ બુકિંગ.
બાકીના ૮૦% રકમ તમારી પેજ પર AI લાઈવ થઈ જાય તે પછી જ આપવાની!

👉 ૧૦ સેકન્ડનો લાઈવ ડેમો ચેક કરો: https://algorise-ai.surge.sh/#surat-facebook-agent
👉 વિગતવાર પ્લાન & પ્રાઇસિંગ: https://algorise-ai.surge.sh/field_pitch.html

આપના અનુકૂળ સમયે વાત કરવા વિનંતી."
Vesu Prime Realty & Infrastructure,Real Estate & Builders,"VIP Road, Vesu, Surat",+91 99250 67114,Vesu Builder Group,High Lead Ads Volume,VERY HIGH,https://wa.me/919925067114?text=%E0%AA%A8%E0%AA%AE%E0%AA%B8%E0%AB%8D%E0%AA%A4%E0%AB%87%20Vesu%20Prime%20Realty%20%26%20Infrastructure%20%E0%AA%B8%E0%AA%BE%E0%AA%B9%E0%AB%87%E0%AA%AC%2C%20%F0%9F%99%8F%0A%0A%E0%AA%A4%E0%AA%AE%E0%AB%87%20%E0%AA%A6%E0%AA%B0%20%E0%AA%AE%E0%AA%B9%E0%AA%BF%E0%AA%A8%E0%AB%87%20%E0%AA%AB%E0%AB%87%E0%AA%B8%E0%AA%AC%E0%AB%81%E0%AA%95%20%E0%AA%85%E0%AA%A8%E0%AB%87%20%E0%AA%87%E0%AA%A8%E0%AB%8D%E0%AA%B8%E0%AB%8D%E0%AA%9F%E0%AA%BE%E0%AA%97%E0%AB%8D%E0%AA%B0%E0%AA%BE%E0%AA%AE%20%E0%AA%8F%E0%AA%A1%E0%AB%8D%E0%AA%B8%20%E0%AA%AA%E0%AA%BE%E0%AA%9B%E0%AA%B3%20%E0%AA%AE%E0%AB%8B%E0%AA%9F%E0%AB%8B%20%E0%AA%96%E0%AA%B0%E0%AB%8D%E0%AA%9A%20%E0%AA%95%E0%AA%B0%E0%AB%8B%20%E0%AA%9B%E0%AB%8B%2C%20%E0%AA%AA%E0%AA%A3%20%E0%AA%A4%E0%AA%AE%E0%AA%BE%E0%AA%B0%E0%AB%80%20%E0%AA%8F%E0%AA%A1%20%E0%AA%A8%E0%AB%80%E0%AA%9A%E0%AB%87%20%E0%AB%A7%E0%AB%AB-%E0%AB%A8%E0%AB%A6%20%E0%AA%B9%E0%AB%8B%E0%AA%B2%E0%AA%B8%E0%AB%87%E0%AA%B2%20%E0%AA%B5%E0%AB%87%E0%AA%AA%E0%AA%BE%E0%AA%B0%E0%AB%80%E0%AA%93%E0%AA%A8%E0%AA%BE%20%E0%AA%AD%E0%AA%BE%E0%AA%B5%20%E0%AA%AA%E0%AB%82%E0%AA%9B%E0%AB%87%E0%AA%B2%E0%AA%BE%20%E0%AA%AE%E0%AB%87%E0%AA%B8%E0%AB%87%E0%AA%9C%20%E0%AA%95%E0%AA%B2%E0%AA%BE%E0%AA%95%E0%AB%8B%20%E0%AA%B8%E0%AB%81%E0%AA%A7%E0%AB%80%20%E0%AA%B5%E0%AA%97%E0%AA%B0%20%E0%AA%9C%E0%AA%B5%E0%AA%BE%E0%AA%AC%E0%AB%87%20%E0%AA%AA%E0%AA%A1%E0%AB%8D%E0%AA%AF%E0%AA%BE%20%E0%AA%B0%E0%AA%B9%E0%AB%87%20%E0%AA%9B%E0%AB%87%21%20%E0%AA%B8%E0%AB%8C%E0%AA%A5%E0%AB%80%20%E0%AA%AE%E0%AB%8B%E0%AA%9F%E0%AB%80%20%E0%AA%AE%E0%AB%81%E0%AA%B6%E0%AB%8D%E0%AA%95%E0%AB%87%E0%AA%B2%E0%AB%80%20%E0%AA%8F%20%E0%AA%9B%E0%AB%87%20%E0%AA%95%E0%AB%87%20%E0%AA%AC%E0%AB%80%E0%AA%9C%E0%AA%BE%20%E0%AA%A6%E0%AA%B2%E0%AA%BE%E0%AA%B2%E0%AB%8B%20%E0%AA%A4%E0%AA%AE%E0%AA%BE%E0%AA%B0%E0%AB%80%20%E0%AA%8F%E0%AA%A1%20%E0%AA%A8%E0%AB%80%E0%AA%9A%E0%AB%87%20%E0%AA%AA%E0%AB%8B%E0%AA%A4%E0%AA%BE%E0%AA%A8%E0%AB%8B%20%E0%AA%A8%E0%AA%82%E0%AA%AC%E0%AA%B0%20%E0%AA%AE%E0%AB%82%E0%AA%95%E0%AB%80%E0%AA%A8%E0%AB%87%20%E0%AA%B8%E0%AB%80%E0%AA%A7%E0%AB%8B%20%E0%AA%A4%E0%AA%AE%E0%AA%BE%E0%AA%B0%E0%AB%8B%20%E0%AA%95%E0%AA%B8%E0%AB%8D%E0%AA%9F%E0%AA%AE%E0%AA%B0%20%E0%AA%9A%E0%AB%8B%E0%AA%B0%E0%AB%80%20%E0%AA%9C%E0%AA%BE%E0%AA%AF%20%E0%AA%9B%E0%AB%87.%0A%0A%E0%AA%85%E0%AA%AE%E0%AB%87%20%E0%AA%96%E0%AA%BE%E0%AA%B8%20%E0%AA%B8%E0%AB%81%E0%AA%B0%E0%AA%A4%E0%AA%A8%E0%AA%BE%20Real%20Estate%20%26%20Builders%20%E0%AA%B5%E0%AB%87%E0%AA%AA%E0%AA%BE%E0%AA%B0%E0%AB%80%E0%AA%93%20%E0%AA%AE%E0%AA%BE%E0%AA%9F%E0%AB%87%20%22Autonomous%20AI%20Facebook%20Sales%20Agent%22%20%E0%AA%A4%E0%AB%88%E0%AA%AF%E0%AA%BE%E0%AA%B0%20%E0%AA%95%E0%AA%B0%E0%AB%8D%E0%AA%AF%E0%AB%81%E0%AA%82%20%E0%AA%9B%E0%AB%87%3A%0A%0A%E2%9A%A1%20%E0%AB%A6.%E0%AB%A6%E0%AB%AB%20%E0%AA%B8%E0%AB%87%E0%AA%95%E0%AA%A8%E0%AB%8D%E0%AA%A1%E0%AA%AE%E0%AA%BE%E0%AA%82%20%E0%AA%9C%E0%AA%BE%E0%AA%B9%E0%AB%87%E0%AA%B0%20%E0%AA%B0%E0%AA%BF%E0%AA%AA%E0%AB%8D%E0%AA%B2%E0%AA%BE%E0%AA%AF%20%2B%20%E0%AA%AA%E0%AB%8D%E0%AA%B0%E0%AA%BE%E0%AA%87%E0%AA%B5%E0%AB%87%E0%AA%9F%20%E0%AA%AE%E0%AB%87%E0%AA%B8%E0%AB%87%E0%AA%A8%E0%AB%8D%E0%AA%9C%E0%AA%B0%20%E0%AA%A1%E0%AB%80%E0%AA%8F%E0%AA%AE%0A%F0%9F%9B%A1%EF%B8%8F%20%E0%AA%AC%E0%AB%8D%E0%AA%B0%E0%AB%8B%E0%AA%95%E0%AA%B0%20%E0%AA%B6%E0%AB%80%E0%AA%B2%E0%AB%8D%E0%AA%A1%3A%20%E0%AA%95%E0%AB%8B%E0%AA%88%20%E0%AA%A6%E0%AA%B2%E0%AA%BE%E0%AA%B2%20%E0%AA%95%E0%AA%AE%E0%AB%87%E0%AA%A8%E0%AB%8D%E0%AA%9F%E0%AA%AE%E0%AA%BE%E0%AA%82%20%E0%AA%A8%E0%AA%82%E0%AA%AC%E0%AA%B0%20%E0%AA%AE%E0%AB%82%E0%AA%95%E0%AB%87%20%E0%AA%A4%E0%AB%8B%20%E0%AB%A6.%E0%AB%A6%E0%AB%A8%20%E0%AA%B8%E0%AB%87%E0%AA%95%E0%AA%A8%E0%AB%8D%E0%AA%A1%E0%AA%AE%E0%AA%BE%E0%AA%82%20%E0%AA%93%E0%AA%9F%E0%AB%8B-%E0%AA%B9%E0%AA%BE%E0%AA%88%E0%AA%A1%0A%F0%9F%97%A3%EF%B8%8F%20%E0%AA%85%E0%AA%B8%E0%AA%B2%20%E0%AA%B8%E0%AB%81%E0%AA%B0%E0%AA%A4%E0%AB%80%20%E0%AA%B5%E0%AB%87%E0%AA%AA%E0%AA%BE%E0%AA%B0%E0%AB%80%20%E0%AA%AD%E0%AA%BE%E0%AA%B7%E0%AA%BE%20%26%20%E0%AA%AD%E0%AA%BE%E0%AA%B5%E0%AA%AE%E0%AA%BE%E0%AA%82%20%E0%AA%A1%E0%AB%80%E0%AA%B2%E0%AA%BF%E0%AA%82%E0%AA%97%0A%F0%9F%93%B2%20%E0%AA%97%E0%AB%8D%E0%AA%B0%E0%AA%BE%E0%AA%B9%E0%AA%95%20%E0%AA%A8%E0%AA%82%E0%AA%AC%E0%AA%B0%20%E0%AA%86%E0%AA%AA%E0%AB%87%20%E0%AA%95%E0%AB%87%20%E0%AA%A4%E0%AA%B0%E0%AA%A4%20%E0%AA%A4%E0%AA%AE%E0%AA%BE%E0%AA%B0%E0%AA%BE%20Telegram%20%E0%AA%AA%E0%AA%B0%20%E0%AA%B9%E0%AB%8B%E0%AA%9F%20%E0%AA%B2%E0%AB%80%E0%AA%A1%20%E0%AA%8F%E0%AA%B2%E0%AA%B0%E0%AB%8D%E0%AA%9F%21%0A%0A%F0%9F%92%BC%20%E0%AA%96%E0%AA%BE%E0%AA%B8%20%E0%AA%B8%E0%AB%81%E0%AA%B0%E0%AA%A4%20%E0%AA%93%E0%AA%AB%E0%AA%B0%3A%20%E0%AA%93%E0%AA%B0%E0%AB%8D%E0%AA%A1%E0%AA%B0%20%E0%AA%B8%E0%AA%BE%E0%AA%A5%E0%AB%87%20%E0%AA%AE%E0%AA%BE%E0%AA%A4%E0%AB%8D%E0%AA%B0%20%E0%AB%A8%E0%AB%A6%25%20%E0%AA%8F%E0%AA%A1%E0%AA%B5%E0%AA%BE%E0%AA%A8%E0%AB%8D%E0%AA%B8%20%E0%AA%AC%E0%AB%81%E0%AA%95%E0%AA%BF%E0%AA%82%E0%AA%97.%0A%E0%AA%AC%E0%AA%BE%E0%AA%95%E0%AB%80%E0%AA%A8%E0%AA%BE%20%E0%AB%AE%E0%AB%A6%25%20%E0%AA%B0%E0%AA%95%E0%AA%AE%20%E0%AA%A4%E0%AA%AE%E0%AA%BE%E0%AA%B0%E0%AB%80%20%E0%AA%AA%E0%AB%87%E0%AA%9C%20%E0%AA%AA%E0%AA%B0%20AI%20%E0%AA%B2%E0%AA%BE%E0%AA%88%E0%AA%B5%20%E0%AA%A5%E0%AA%88%20%E0%AA%9C%E0%AA%BE%E0%AA%AF%20%E0%AA%A4%E0%AB%87%20%E0%AA%AA%E0%AA%9B%E0%AB%80%20%E0%AA%9C%20%E0%AA%86%E0%AA%AA%E0%AA%B5%E0%AA%BE%E0%AA%A8%E0%AB%80%21%0A%0A%F0%9F%91%89%20%E0%AB%A7%E0%AB%A6%20%E0%AA%B8%E0%AB%87%E0%AA%95%E0%AA%A8%E0%AB%8D%E0%AA%A1%E0%AA%A8%E0%AB%8B%20%E0%AA%B2%E0%AA%BE%E0%AA%88%E0%AA%B5%20%E0%AA%A1%E0%AB%87%E0%AA%AE%E0%AB%8B%20%E0%AA%9A%E0%AB%87%E0%AA%95%20%E0%AA%95%E0%AA%B0%E0%AB%8B%3A%20https%3A//algorise-ai.surge.sh/%23surat-facebook-agent%0A%F0%9F%91%89%20%E0%AA%B5%E0%AA%BF%E0%AA%97%E0%AA%A4%E0%AA%B5%E0%AA%BE%E0%AA%B0%20%E0%AA%AA%E0%AB%8D%E0%AA%B2%E0%AA%BE%E0%AA%A8%20%26%20%E0%AA%AA%E0%AB%8D%E0%AA%B0%E0%AA%BE%E0%AA%87%E0%AA%B8%E0%AA%BF%E0%AA%82%E0%AA%97%3A%20https%3A//algorise-ai.surge.sh/field_pitch.html%0A%0A%E0%AA%86%E0%AA%AA%E0%AA%A8%E0%AA%BE%20%E0%AA%85%E0%AA%A8%E0%AB%81%E0%AA%95%E0%AB%82%E0%AA%B3%20%E0%AA%B8%E0%AA%AE%E0%AA%AF%E0%AB%87%20%E0%AA%B5%E0%AA%BE%E0%AA%A4%20%E0%AA%95%E0%AA%B0%E0%AA%B5%E0%AA%BE%20%E0%AA%B5%E0%AA%BF%E0%AA%A8%E0%AA%82%E0%AA%A4%E0%AB%80.,"નમસ્તે Vesu Prime Realty & Infrastructure સાહેબ, 🙏

તમે દર મહિને ફેસબુક અને ઇન્સ્ટાગ્રામ એડ્સ પાછળ મોટો ખર્ચ કરો છો, પણ તમારી એડ નીચે ૧૫-૨૦ હોલસેલ વેપારીઓના ભાવ પૂછેલા મેસેજ કલાકો સુધી વગર જવાબે પડ્યા રહે છે! સૌથી મોટી મુશ્કેલી એ છે કે બીજા દલાલો તમારી એડ નીચે પોતાનો નંબર મૂકીને સીધો તમારો કસ્ટમર ચોરી જાય છે.

અમે ખાસ સુરતના Real Estate & Builders વેપારીઓ માટે ""Autonomous AI Facebook Sales Agent"" તૈયાર કર્યું છે:

⚡ ૦.૦૫ સેકન્ડમાં જાહેર રિપ્લાય + પ્રાઇવેટ મેસેન્જર ડીએમ
🛡️ બ્રોકર શીલ્ડ: કોઈ દલાલ કમેન્ટમાં નંબર મૂકે તો ૦.૦૨ સેકન્ડમાં ઓટો-હાઈડ
🗣️ અસલ સુરતી વેપારી ભાષા & ભાવમાં ડીલિંગ
📲 ગ્રાહક નંબર આપે કે તરત તમારા Telegram પર હોટ લીડ એલર્ટ!

💼 ખાસ સુરત ઓફર: ઓર્ડર સાથે માત્ર ૨૦% એડવાન્સ બુકિંગ.
બાકીના ૮૦% રકમ તમારી પેજ પર AI લાઈવ થઈ જાય તે પછી જ આપવાની!

👉 ૧૦ સેકન્ડનો લાઈવ ડેમો ચેક કરો: https://algorise-ai.surge.sh/#surat-facebook-agent
👉 વિગતવાર પ્લાન & પ્રાઇસિંગ: https://algorise-ai.surge.sh/field_pitch.html

આપના અનુકૂળ સમયે વાત કરવા વિનંતી."
Diamond City Lab-Grown Jewel Hub,CVD & Lab-Grown Diamonds,"Varachha Main Road, Surat",+91 98980 12345,Varachha CVD Hub,Active Meta Campaign,VERY HIGH,https://wa.me/919898012345?text=%E0%AA%A8%E0%AA%AE%E0%AA%B8%E0%AB%8D%E0%AA%A4%E0%AB%87%20Diamond%20City%20Lab-Grown%20Jewel%20Hub%20%E0%AA%B8%E0%AA%BE%E0%AA%B9%E0%AB%87%E0%AA%AC%2C%20%F0%9F%99%8F%0A%0A%E0%AA%A4%E0%AA%AE%E0%AB%87%20%E0%AA%A6%E0%AA%B0%20%E0%AA%AE%E0%AA%B9%E0%AA%BF%E0%AA%A8%E0%AB%87%20%E0%AA%AB%E0%AB%87%E0%AA%B8%E0%AA%AC%E0%AB%81%E0%AA%95%20%E0%AA%85%E0%AA%A8%E0%AB%87%20%E0%AA%87%E0%AA%A8%E0%AB%8D%E0%AA%B8%E0%AB%8D%E0%AA%9F%E0%AA%BE%E0%AA%97%E0%AB%8D%E0%AA%B0%E0%AA%BE%E0%AA%AE%20%E0%AA%8F%E0%AA%A1%E0%AB%8D%E0%AA%B8%20%E0%AA%AA%E0%AA%BE%E0%AA%9B%E0%AA%B3%20%E0%AA%AE%E0%AB%8B%E0%AA%9F%E0%AB%8B%20%E0%AA%96%E0%AA%B0%E0%AB%8D%E0%AA%9A%20%E0%AA%95%E0%AA%B0%E0%AB%8B%20%E0%AA%9B%E0%AB%8B%2C%20%E0%AA%AA%E0%AA%A3%20%E0%AA%A4%E0%AA%AE%E0%AA%BE%E0%AA%B0%E0%AB%80%20%E0%AA%8F%E0%AA%A1%20%E0%AA%A8%E0%AB%80%E0%AA%9A%E0%AB%87%20%E0%AB%A7%E0%AB%AB-%E0%AB%A8%E0%AB%A6%20%E0%AA%B9%E0%AB%8B%E0%AA%B2%E0%AA%B8%E0%AB%87%E0%AA%B2%20%E0%AA%B5%E0%AB%87%E0%AA%AA%E0%AA%BE%E0%AA%B0%E0%AB%80%E0%AA%93%E0%AA%A8%E0%AA%BE%20%E0%AA%AD%E0%AA%BE%E0%AA%B5%20%E0%AA%AA%E0%AB%82%E0%AA%9B%E0%AB%87%E0%AA%B2%E0%AA%BE%20%E0%AA%AE%E0%AB%87%E0%AA%B8%E0%AB%87%E0%AA%9C%20%E0%AA%95%E0%AA%B2%E0%AA%BE%E0%AA%95%E0%AB%8B%20%E0%AA%B8%E0%AB%81%E0%AA%A7%E0%AB%80%20%E0%AA%B5%E0%AA%97%E0%AA%B0%20%E0%AA%9C%E0%AA%B5%E0%AA%BE%E0%AA%AC%E0%AB%87%20%E0%AA%AA%E0%AA%A1%E0%AB%8D%E0%AA%AF%E0%AA%BE%20%E0%AA%B0%E0%AA%B9%E0%AB%87%20%E0%AA%9B%E0%AB%87%21%20%E0%AA%B8%E0%AB%8C%E0%AA%A5%E0%AB%80%20%E0%AA%AE%E0%AB%8B%E0%AA%9F%E0%AB%80%20%E0%AA%AE%E0%AB%81%E0%AA%B6%E0%AB%8D%E0%AA%95%E0%AB%87%E0%AA%B2%E0%AB%80%20%E0%AA%8F%20%E0%AA%9B%E0%AB%87%20%E0%AA%95%E0%AB%87%20%E0%AA%AC%E0%AB%80%E0%AA%9C%E0%AA%BE%20%E0%AA%A6%E0%AA%B2%E0%AA%BE%E0%AA%B2%E0%AB%8B%20%E0%AA%A4%E0%AA%AE%E0%AA%BE%E0%AA%B0%E0%AB%80%20%E0%AA%8F%E0%AA%A1%20%E0%AA%A8%E0%AB%80%E0%AA%9A%E0%AB%87%20%E0%AA%AA%E0%AB%8B%E0%AA%A4%E0%AA%BE%E0%AA%A8%E0%AB%8B%20%E0%AA%A8%E0%AA%82%E0%AA%AC%E0%AA%B0%20%E0%AA%AE%E0%AB%82%E0%AA%95%E0%AB%80%E0%AA%A8%E0%AB%87%20%E0%AA%B8%E0%AB%80%E0%AA%A7%E0%AB%8B%20%E0%AA%A4%E0%AA%AE%E0%AA%BE%E0%AA%B0%E0%AB%8B%20%E0%AA%95%E0%AA%B8%E0%AB%8D%E0%AA%9F%E0%AA%AE%E0%AA%B0%20%E0%AA%9A%E0%AB%8B%E0%AA%B0%E0%AB%80%20%E0%AA%9C%E0%AA%BE%E0%AA%AF%20%E0%AA%9B%E0%AB%87.%0A%0A%E0%AA%85%E0%AA%AE%E0%AB%87%20%E0%AA%96%E0%AA%BE%E0%AA%B8%20%E0%AA%B8%E0%AB%81%E0%AA%B0%E0%AA%A4%E0%AA%A8%E0%AA%BE%20CVD%20%26%20Lab-Grown%20Diamonds%20%E0%AA%B5%E0%AB%87%E0%AA%AA%E0%AA%BE%E0%AA%B0%E0%AB%80%E0%AA%93%20%E0%AA%AE%E0%AA%BE%E0%AA%9F%E0%AB%87%20%22Autonomous%20AI%20Facebook%20Sales%20Agent%22%20%E0%AA%A4%E0%AB%88%E0%AA%AF%E0%AA%BE%E0%AA%B0%20%E0%AA%95%E0%AA%B0%E0%AB%8D%E0%AA%AF%E0%AB%81%E0%AA%82%20%E0%AA%9B%E0%AB%87%3A%0A%0A%E2%9A%A1%20%E0%AB%A6.%E0%AB%A6%E0%AB%AB%20%E0%AA%B8%E0%AB%87%E0%AA%95%E0%AA%A8%E0%AB%8D%E0%AA%A1%E0%AA%AE%E0%AA%BE%E0%AA%82%20%E0%AA%9C%E0%AA%BE%E0%AA%B9%E0%AB%87%E0%AA%B0%20%E0%AA%B0%E0%AA%BF%E0%AA%AA%E0%AB%8D%E0%AA%B2%E0%AA%BE%E0%AA%AF%20%2B%20%E0%AA%AA%E0%AB%8D%E0%AA%B0%E0%AA%BE%E0%AA%87%E0%AA%B5%E0%AB%87%E0%AA%9F%20%E0%AA%AE%E0%AB%87%E0%AA%B8%E0%AB%87%E0%AA%A8%E0%AB%8D%E0%AA%9C%E0%AA%B0%20%E0%AA%A1%E0%AB%80%E0%AA%8F%E0%AA%AE%0A%F0%9F%9B%A1%EF%B8%8F%20%E0%AA%AC%E0%AB%8D%E0%AA%B0%E0%AB%8B%E0%AA%95%E0%AA%B0%20%E0%AA%B6%E0%AB%80%E0%AA%B2%E0%AB%8D%E0%AA%A1%3A%20%E0%AA%95%E0%AB%8B%E0%AA%88%20%E0%AA%A6%E0%AA%B2%E0%AA%BE%E0%AA%B2%20%E0%AA%95%E0%AA%AE%E0%AB%87%E0%AA%A8%E0%AB%8D%E0%AA%9F%E0%AA%AE%E0%AA%BE%E0%AA%82%20%E0%AA%A8%E0%AA%82%E0%AA%AC%E0%AA%B0%20%E0%AA%AE%E0%AB%82%E0%AA%95%E0%AB%87%20%E0%AA%A4%E0%AB%8B%20%E0%AB%A6.%E0%AB%A6%E0%AB%A8%20%E0%AA%B8%E0%AB%87%E0%AA%95%E0%AA%A8%E0%AB%8D%E0%AA%A1%E0%AA%AE%E0%AA%BE%E0%AA%82%20%E0%AA%93%E0%AA%9F%E0%AB%8B-%E0%AA%B9%E0%AA%BE%E0%AA%88%E0%AA%A1%0A%F0%9F%97%A3%EF%B8%8F%20%E0%AA%85%E0%AA%B8%E0%AA%B2%20%E0%AA%B8%E0%AB%81%E0%AA%B0%E0%AA%A4%E0%AB%80%20%E0%AA%B5%E0%AB%87%E0%AA%AA%E0%AA%BE%E0%AA%B0%E0%AB%80%20%E0%AA%AD%E0%AA%BE%E0%AA%B7%E0%AA%BE%20%26%20%E0%AA%AD%E0%AA%BE%E0%AA%B5%E0%AA%AE%E0%AA%BE%E0%AA%82%20%E0%AA%A1%E0%AB%80%E0%AA%B2%E0%AA%BF%E0%AA%82%E0%AA%97%0A%F0%9F%93%B2%20%E0%AA%97%E0%AB%8D%E0%AA%B0%E0%AA%BE%E0%AA%B9%E0%AA%95%20%E0%AA%A8%E0%AA%82%E0%AA%AC%E0%AA%B0%20%E0%AA%86%E0%AA%AA%E0%AB%87%20%E0%AA%95%E0%AB%87%20%E0%AA%A4%E0%AA%B0%E0%AA%A4%20%E0%AA%A4%E0%AA%AE%E0%AA%BE%E0%AA%B0%E0%AA%BE%20Telegram%20%E0%AA%AA%E0%AA%B0%20%E0%AA%B9%E0%AB%8B%E0%AA%9F%20%E0%AA%B2%E0%AB%80%E0%AA%A1%20%E0%AA%8F%E0%AA%B2%E0%AA%B0%E0%AB%8D%E0%AA%9F%21%0A%0A%F0%9F%92%BC%20%E0%AA%96%E0%AA%BE%E0%AA%B8%20%E0%AA%B8%E0%AB%81%E0%AA%B0%E0%AA%A4%20%E0%AA%93%E0%AA%AB%E0%AA%B0%3A%20%E0%AA%93%E0%AA%B0%E0%AB%8D%E0%AA%A1%E0%AA%B0%20%E0%AA%B8%E0%AA%BE%E0%AA%A5%E0%AB%87%20%E0%AA%AE%E0%AA%BE%E0%AA%A4%E0%AB%8D%E0%AA%B0%20%E0%AB%A8%E0%AB%A6%25%20%E0%AA%8F%E0%AA%A1%E0%AA%B5%E0%AA%BE%E0%AA%A8%E0%AB%8D%E0%AA%B8%20%E0%AA%AC%E0%AB%81%E0%AA%95%E0%AA%BF%E0%AA%82%E0%AA%97.%0A%E0%AA%AC%E0%AA%BE%E0%AA%95%E0%AB%80%E0%AA%A8%E0%AA%BE%20%E0%AB%AE%E0%AB%A6%25%20%E0%AA%B0%E0%AA%95%E0%AA%AE%20%E0%AA%A4%E0%AA%AE%E0%AA%BE%E0%AA%B0%E0%AB%80%20%E0%AA%AA%E0%AB%87%E0%AA%9C%20%E0%AA%AA%E0%AA%B0%20AI%20%E0%AA%B2%E0%AA%BE%E0%AA%88%E0%AA%B5%20%E0%AA%A5%E0%AA%88%20%E0%AA%9C%E0%AA%BE%E0%AA%AF%20%E0%AA%A4%E0%AB%87%20%E0%AA%AA%E0%AA%9B%E0%AB%80%20%E0%AA%9C%20%E0%AA%86%E0%AA%AA%E0%AA%B5%E0%AA%BE%E0%AA%A8%E0%AB%80%21%0A%0A%F0%9F%91%89%20%E0%AB%A7%E0%AB%A6%20%E0%AA%B8%E0%AB%87%E0%AA%95%E0%AA%A8%E0%AB%8D%E0%AA%A1%E0%AA%A8%E0%AB%8B%20%E0%AA%B2%E0%AA%BE%E0%AA%88%E0%AA%B5%20%E0%AA%A1%E0%AB%87%E0%AA%AE%E0%AB%8B%20%E0%AA%9A%E0%AB%87%E0%AA%95%20%E0%AA%95%E0%AA%B0%E0%AB%8B%3A%20https%3A//algorise-ai.surge.sh/%23surat-facebook-agent%0A%F0%9F%91%89%20%E0%AA%B5%E0%AA%BF%E0%AA%97%E0%AA%A4%E0%AA%B5%E0%AA%BE%E0%AA%B0%20%E0%AA%AA%E0%AB%8D%E0%AA%B2%E0%AA%BE%E0%AA%A8%20%26%20%E0%AA%AA%E0%AB%8D%E0%AA%B0%E0%AA%BE%E0%AA%87%E0%AA%B8%E0%AA%BF%E0%AA%82%E0%AA%97%3A%20https%3A//algorise-ai.surge.sh/field_pitch.html%0A%0A%E0%AA%86%E0%AA%AA%E0%AA%A8%E0%AA%BE%20%E0%AA%85%E0%AA%A8%E0%AB%81%E0%AA%95%E0%AB%82%E0%AA%B3%20%E0%AA%B8%E0%AA%AE%E0%AA%AF%E0%AB%87%20%E0%AA%B5%E0%AA%BE%E0%AA%A4%20%E0%AA%95%E0%AA%B0%E0%AA%B5%E0%AA%BE%20%E0%AA%B5%E0%AA%BF%E0%AA%A8%E0%AA%82%E0%AA%A4%E0%AB%80.,"નમસ્તે Diamond City Lab-Grown Jewel Hub સાહેબ, 🙏

તમે દર મહિને ફેસબુક અને ઇન્સ્ટાગ્રામ એડ્સ પાછળ મોટો ખર્ચ કરો છો, પણ તમારી એડ નીચે ૧૫-૨૦ હોલસેલ વેપારીઓના ભાવ પૂછેલા મેસેજ કલાકો સુધી વગર જવાબે પડ્યા રહે છે! સૌથી મોટી મુશ્કેલી એ છે કે બીજા દલાલો તમારી એડ નીચે પોતાનો નંબર મૂકીને સીધો તમારો કસ્ટમર ચોરી જાય છે.

અમે ખાસ સુરતના CVD & Lab-Grown Diamonds વેપારીઓ માટે ""Autonomous AI Facebook Sales Agent"" તૈયાર કર્યું છે:

⚡ ૦.૦૫ સેકન્ડમાં જાહેર રિપ્લાય + પ્રાઇવેટ મેસેન્જર ડીએમ
🛡️ બ્રોકર શીલ્ડ: કોઈ દલાલ કમેન્ટમાં નંબર મૂકે તો ૦.૦૨ સેકન્ડમાં ઓટો-હાઈડ
🗣️ અસલ સુરતી વેપારી ભાષા & ભાવમાં ડીલિંગ
📲 ગ્રાહક નંબર આપે કે તરત તમારા Telegram પર હોટ લીડ એલર્ટ!

💼 ખાસ સુરત ઓફર: ઓર્ડર સાથે માત્ર ૨૦% એડવાન્સ બુકિંગ.
બાકીના ૮૦% રકમ તમારી પેજ પર AI લાઈવ થઈ જાય તે પછી જ આપવાની!

👉 ૧૦ સેકન્ડનો લાઈવ ડેમો ચેક કરો: https://algorise-ai.surge.sh/#surat-facebook-agent
👉 વિગતવાર પ્લાન & પ્રાઇસિંગ: https://algorise-ai.surge.sh/field_pitch.html

આપના અનુકૂળ સમયે વાત કરવા વિનંતી."
Mahalaxmi Fabrics & Digital Prints,Textiles & Sarees,"Radharaman Textile Market, Surat",+91 98250 99881,Radharaman Market,Running Reels Ads,HIGH,https://wa.me/919825099881?text=%E0%AA%A8%E0%AA%AE%E0%AA%B8%E0%AB%8D%E0%AA%A4%E0%AB%87%20Mahalaxmi%20Fabrics%20%26%20Digital%20Prints%20%E0%AA%B8%E0%AA%BE%E0%AA%B9%E0%AB%87%E0%AA%AC%2C%20%F0%9F%99%8F%0A%0A%E0%AA%A4%E0%AA%AE%E0%AB%87%20%E0%AA%A6%E0%AA%B0%20%E0%AA%AE%E0%AA%B9%E0%AA%BF%E0%AA%A8%E0%AB%87%20%E0%AA%AB%E0%AB%87%E0%AA%B8%E0%AA%AC%E0%AB%81%E0%AA%95%20%E0%AA%85%E0%AA%A8%E0%AB%87%20%E0%AA%87%E0%AA%A8%E0%AB%8D%E0%AA%B8%E0%AB%8D%E0%AA%9F%E0%AA%BE%E0%AA%97%E0%AB%8D%E0%AA%B0%E0%AA%BE%E0%AA%AE%20%E0%AA%8F%E0%AA%A1%E0%AB%8D%E0%AA%B8%20%E0%AA%AA%E0%AA%BE%E0%AA%9B%E0%AA%B3%20%E0%AA%AE%E0%AB%8B%E0%AA%9F%E0%AB%8B%20%E0%AA%96%E0%AA%B0%E0%AB%8D%E0%AA%9A%20%E0%AA%95%E0%AA%B0%E0%AB%8B%20%E0%AA%9B%E0%AB%8B%2C%20%E0%AA%AA%E0%AA%A3%20%E0%AA%A4%E0%AA%AE%E0%AA%BE%E0%AA%B0%E0%AB%80%20%E0%AA%8F%E0%AA%A1%20%E0%AA%A8%E0%AB%80%E0%AA%9A%E0%AB%87%20%E0%AB%A7%E0%AB%AB-%E0%AB%A8%E0%AB%A6%20%E0%AA%B9%E0%AB%8B%E0%AA%B2%E0%AA%B8%E0%AB%87%E0%AA%B2%20%E0%AA%B5%E0%AB%87%E0%AA%AA%E0%AA%BE%E0%AA%B0%E0%AB%80%E0%AA%93%E0%AA%A8%E0%AA%BE%20%E0%AA%AD%E0%AA%BE%E0%AA%B5%20%E0%AA%AA%E0%AB%82%E0%AA%9B%E0%AB%87%E0%AA%B2%E0%AA%BE%20%E0%AA%AE%E0%AB%87%E0%AA%B8%E0%AB%87%E0%AA%9C%20%E0%AA%95%E0%AA%B2%E0%AA%BE%E0%AA%95%E0%AB%8B%20%E0%AA%B8%E0%AB%81%E0%AA%A7%E0%AB%80%20%E0%AA%B5%E0%AA%97%E0%AA%B0%20%E0%AA%9C%E0%AA%B5%E0%AA%BE%E0%AA%AC%E0%AB%87%20%E0%AA%AA%E0%AA%A1%E0%AB%8D%E0%AA%AF%E0%AA%BE%20%E0%AA%B0%E0%AA%B9%E0%AB%87%20%E0%AA%9B%E0%AB%87%21%20%E0%AA%B8%E0%AB%8C%E0%AA%A5%E0%AB%80%20%E0%AA%AE%E0%AB%8B%E0%AA%9F%E0%AB%80%20%E0%AA%AE%E0%AB%81%E0%AA%B6%E0%AB%8D%E0%AA%95%E0%AB%87%E0%AA%B2%E0%AB%80%20%E0%AA%8F%20%E0%AA%9B%E0%AB%87%20%E0%AA%95%E0%AB%87%20%E0%AA%AC%E0%AB%80%E0%AA%9C%E0%AA%BE%20%E0%AA%A6%E0%AA%B2%E0%AA%BE%E0%AA%B2%E0%AB%8B%20%E0%AA%A4%E0%AA%AE%E0%AA%BE%E0%AA%B0%E0%AB%80%20%E0%AA%8F%E0%AA%A1%20%E0%AA%A8%E0%AB%80%E0%AA%9A%E0%AB%87%20%E0%AA%AA%E0%AB%8B%E0%AA%A4%E0%AA%BE%E0%AA%A8%E0%AB%8B%20%E0%AA%A8%E0%AA%82%E0%AA%AC%E0%AA%B0%20%E0%AA%AE%E0%AB%82%E0%AA%95%E0%AB%80%E0%AA%A8%E0%AB%87%20%E0%AA%B8%E0%AB%80%E0%AA%A7%E0%AB%8B%20%E0%AA%A4%E0%AA%AE%E0%AA%BE%E0%AA%B0%E0%AB%8B%20%E0%AA%95%E0%AA%B8%E0%AB%8D%E0%AA%9F%E0%AA%AE%E0%AA%B0%20%E0%AA%9A%E0%AB%8B%E0%AA%B0%E0%AB%80%20%E0%AA%9C%E0%AA%BE%E0%AA%AF%20%E0%AA%9B%E0%AB%87.%0A%0A%E0%AA%85%E0%AA%AE%E0%AB%87%20%E0%AA%96%E0%AA%BE%E0%AA%B8%20%E0%AA%B8%E0%AB%81%E0%AA%B0%E0%AA%A4%E0%AA%A8%E0%AA%BE%20Textiles%20%26%20Sarees%20%E0%AA%B5%E0%AB%87%E0%AA%AA%E0%AA%BE%E0%AA%B0%E0%AB%80%E0%AA%93%20%E0%AA%AE%E0%AA%BE%E0%AA%9F%E0%AB%87%20%22Autonomous%20AI%20Facebook%20Sales%20Agent%22%20%E0%AA%A4%E0%AB%88%E0%AA%AF%E0%AA%BE%E0%AA%B0%20%E0%AA%95%E0%AA%B0%E0%AB%8D%E0%AA%AF%E0%AB%81%E0%AA%82%20%E0%AA%9B%E0%AB%87%3A%0A%0A%E2%9A%A1%20%E0%AB%A6.%E0%AB%A6%E0%AB%AB%20%E0%AA%B8%E0%AB%87%E0%AA%95%E0%AA%A8%E0%AB%8D%E0%AA%A1%E0%AA%AE%E0%AA%BE%E0%AA%82%20%E0%AA%9C%E0%AA%BE%E0%AA%B9%E0%AB%87%E0%AA%B0%20%E0%AA%B0%E0%AA%BF%E0%AA%AA%E0%AB%8D%E0%AA%B2%E0%AA%BE%E0%AA%AF%20%2B%20%E0%AA%AA%E0%AB%8D%E0%AA%B0%E0%AA%BE%E0%AA%87%E0%AA%B5%E0%AB%87%E0%AA%9F%20%E0%AA%AE%E0%AB%87%E0%AA%B8%E0%AB%87%E0%AA%A8%E0%AB%8D%E0%AA%9C%E0%AA%B0%20%E0%AA%A1%E0%AB%80%E0%AA%8F%E0%AA%AE%0A%F0%9F%9B%A1%EF%B8%8F%20%E0%AA%AC%E0%AB%8D%E0%AA%B0%E0%AB%8B%E0%AA%95%E0%AA%B0%20%E0%AA%B6%E0%AB%80%E0%AA%B2%E0%AB%8D%E0%AA%A1%3A%20%E0%AA%95%E0%AB%8B%E0%AA%88%20%E0%AA%A6%E0%AA%B2%E0%AA%BE%E0%AA%B2%20%E0%AA%95%E0%AA%AE%E0%AB%87%E0%AA%A8%E0%AB%8D%E0%AA%9F%E0%AA%AE%E0%AA%BE%E0%AA%82%20%E0%AA%A8%E0%AA%82%E0%AA%AC%E0%AA%B0%20%E0%AA%AE%E0%AB%82%E0%AA%95%E0%AB%87%20%E0%AA%A4%E0%AB%8B%20%E0%AB%A6.%E0%AB%A6%E0%AB%A8%20%E0%AA%B8%E0%AB%87%E0%AA%95%E0%AA%A8%E0%AB%8D%E0%AA%A1%E0%AA%AE%E0%AA%BE%E0%AA%82%20%E0%AA%93%E0%AA%9F%E0%AB%8B-%E0%AA%B9%E0%AA%BE%E0%AA%88%E0%AA%A1%0A%F0%9F%97%A3%EF%B8%8F%20%E0%AA%85%E0%AA%B8%E0%AA%B2%20%E0%AA%B8%E0%AB%81%E0%AA%B0%E0%AA%A4%E0%AB%80%20%E0%AA%B5%E0%AB%87%E0%AA%AA%E0%AA%BE%E0%AA%B0%E0%AB%80%20%E0%AA%AD%E0%AA%BE%E0%AA%B7%E0%AA%BE%20%26%20%E0%AA%AD%E0%AA%BE%E0%AA%B5%E0%AA%AE%E0%AA%BE%E0%AA%82%20%E0%AA%A1%E0%AB%80%E0%AA%B2%E0%AA%BF%E0%AA%82%E0%AA%97%0A%F0%9F%93%B2%20%E0%AA%97%E0%AB%8D%E0%AA%B0%E0%AA%BE%E0%AA%B9%E0%AA%95%20%E0%AA%A8%E0%AA%82%E0%AA%AC%E0%AA%B0%20%E0%AA%86%E0%AA%AA%E0%AB%87%20%E0%AA%95%E0%AB%87%20%E0%AA%A4%E0%AA%B0%E0%AA%A4%20%E0%AA%A4%E0%AA%AE%E0%AA%BE%E0%AA%B0%E0%AA%BE%20Telegram%20%E0%AA%AA%E0%AA%B0%20%E0%AA%B9%E0%AB%8B%E0%AA%9F%20%E0%AA%B2%E0%AB%80%E0%AA%A1%20%E0%AA%8F%E0%AA%B2%E0%AA%B0%E0%AB%8D%E0%AA%9F%21%0A%0A%F0%9F%92%BC%20%E0%AA%96%E0%AA%BE%E0%AA%B8%20%E0%AA%B8%E0%AB%81%E0%AA%B0%E0%AA%A4%20%E0%AA%93%E0%AA%AB%E0%AA%B0%3A%20%E0%AA%93%E0%AA%B0%E0%AB%8D%E0%AA%A1%E0%AA%B0%20%E0%AA%B8%E0%AA%BE%E0%AA%A5%E0%AB%87%20%E0%AA%AE%E0%AA%BE%E0%AA%A4%E0%AB%8D%E0%AA%B0%20%E0%AB%A8%E0%AB%A6%25%20%E0%AA%8F%E0%AA%A1%E0%AA%B5%E0%AA%BE%E0%AA%A8%E0%AB%8D%E0%AA%B8%20%E0%AA%AC%E0%AB%81%E0%AA%95%E0%AA%BF%E0%AA%82%E0%AA%97.%0A%E0%AA%AC%E0%AA%BE%E0%AA%95%E0%AB%80%E0%AA%A8%E0%AA%BE%20%E0%AB%AE%E0%AB%A6%25%20%E0%AA%B0%E0%AA%95%E0%AA%AE%20%E0%AA%A4%E0%AA%AE%E0%AA%BE%E0%AA%B0%E0%AB%80%20%E0%AA%AA%E0%AB%87%E0%AA%9C%20%E0%AA%AA%E0%AA%B0%20AI%20%E0%AA%B2%E0%AA%BE%E0%AA%88%E0%AA%B5%20%E0%AA%A5%E0%AA%88%20%E0%AA%9C%E0%AA%BE%E0%AA%AF%20%E0%AA%A4%E0%AB%87%20%E0%AA%AA%E0%AA%9B%E0%AB%80%20%E0%AA%9C%20%E0%AA%86%E0%AA%AA%E0%AA%B5%E0%AA%BE%E0%AA%A8%E0%AB%80%21%0A%0A%F0%9F%91%89%20%E0%AB%A7%E0%AB%A6%20%E0%AA%B8%E0%AB%87%E0%AA%95%E0%AA%A8%E0%AB%8D%E0%AA%A1%E0%AA%A8%E0%AB%8B%20%E0%AA%B2%E0%AA%BE%E0%AA%88%E0%AA%B5%20%E0%AA%A1%E0%AB%87%E0%AA%AE%E0%AB%8B%20%E0%AA%9A%E0%AB%87%E0%AA%95%20%E0%AA%95%E0%AA%B0%E0%AB%8B%3A%20https%3A//algorise-ai.surge.sh/%23surat-facebook-agent%0A%F0%9F%91%89%20%E0%AA%B5%E0%AA%BF%E0%AA%97%E0%AA%A4%E0%AA%B5%E0%AA%BE%E0%AA%B0%20%E0%AA%AA%E0%AB%8D%E0%AA%B2%E0%AA%BE%E0%AA%A8%20%26%20%E0%AA%AA%E0%AB%8D%E0%AA%B0%E0%AA%BE%E0%AA%87%E0%AA%B8%E0%AA%BF%E0%AA%82%E0%AA%97%3A%20https%3A//algorise-ai.surge.sh/field_pitch.html%0A%0A%E0%AA%86%E0%AA%AA%E0%AA%A8%E0%AA%BE%20%E0%AA%85%E0%AA%A8%E0%AB%81%E0%AA%95%E0%AB%82%E0%AA%B3%20%E0%AA%B8%E0%AA%AE%E0%AA%AF%E0%AB%87%20%E0%AA%B5%E0%AA%BE%E0%AA%A4%20%E0%AA%95%E0%AA%B0%E0%AA%B5%E0%AA%BE%20%E0%AA%B5%E0%AA%BF%E0%AA%A8%E0%AA%82%E0%AA%A4%E0%AB%80.,"નમસ્તે Mahalaxmi Fabrics & Digital Prints સાહેબ, 🙏

તમે દર મહિને ફેસબુક અને ઇન્સ્ટાગ્રામ એડ્સ પાછળ મોટો ખર્ચ કરો છો, પણ તમારી એડ નીચે ૧૫-૨૦ હોલસેલ વેપારીઓના ભાવ પૂછેલા મેસેજ કલાકો સુધી વગર જવાબે પડ્યા રહે છે! સૌથી મોટી મુશ્કેલી એ છે કે બીજા દલાલો તમારી એડ નીચે પોતાનો નંબર મૂકીને સીધો તમારો કસ્ટમર ચોરી જાય છે.

અમે ખાસ સુરતના Textiles & Sarees વેપારીઓ માટે ""Autonomous AI Facebook Sales Agent"" તૈયાર કર્યું છે:

⚡ ૦.૦૫ સેકન્ડમાં જાહેર રિપ્લાય + પ્રાઇવેટ મેસેન્જર ડીએમ
🛡️ બ્રોકર શીલ્ડ: કોઈ દલાલ કમેન્ટમાં નંબર મૂકે તો ૦.૦૨ સેકન્ડમાં ઓટો-હાઈડ
🗣️ અસલ સુરતી વેપારી ભાષા & ભાવમાં ડીલિંગ
📲 ગ્રાહક નંબર આપે કે તરત તમારા Telegram પર હોટ લીડ એલર્ટ!

💼 ખાસ સુરત ઓફર: ઓર્ડર સાથે માત્ર ૨૦% એડવાન્સ બુકિંગ.
બાકીના ૮૦% રકમ તમારી પેજ પર AI લાઈવ થઈ જાય તે પછી જ આપવાની!

👉 ૧૦ સેકન્ડનો લાઈવ ડેમો ચેક કરો: https://algorise-ai.surge.sh/#surat-facebook-agent
👉 વિગતવાર પ્લાન & પ્રાઇસિંગ: https://algorise-ai.surge.sh/field_pitch.html

આપના અનુકૂળ સમયે વાત કરવા વિનંતી."
Avadh Luxury Living Projects,Real Estate & Builders,"Pal - Adajan, Surat",+91 99099 87654,Adajan Real Estate Syndicate,Lead Generation Campaign,VERY HIGH,https://wa.me/919909987654?text=%E0%AA%A8%E0%AA%AE%E0%AA%B8%E0%AB%8D%E0%AA%A4%E0%AB%87%20Avadh%20Luxury%20Living%20Projects%20%E0%AA%B8%E0%AA%BE%E0%AA%B9%E0%AB%87%E0%AA%AC%2C%20%F0%9F%99%8F%0A%0A%E0%AA%A4%E0%AA%AE%E0%AB%87%20%E0%AA%A6%E0%AA%B0%20%E0%AA%AE%E0%AA%B9%E0%AA%BF%E0%AA%A8%E0%AB%87%20%E0%AA%AB%E0%AB%87%E0%AA%B8%E0%AA%AC%E0%AB%81%E0%AA%95%20%E0%AA%85%E0%AA%A8%E0%AB%87%20%E0%AA%87%E0%AA%A8%E0%AB%8D%E0%AA%B8%E0%AB%8D%E0%AA%9F%E0%AA%BE%E0%AA%97%E0%AB%8D%E0%AA%B0%E0%AA%BE%E0%AA%AE%20%E0%AA%8F%E0%AA%A1%E0%AB%8D%E0%AA%B8%20%E0%AA%AA%E0%AA%BE%E0%AA%9B%E0%AA%B3%20%E0%AA%AE%E0%AB%8B%E0%AA%9F%E0%AB%8B%20%E0%AA%96%E0%AA%B0%E0%AB%8D%E0%AA%9A%20%E0%AA%95%E0%AA%B0%E0%AB%8B%20%E0%AA%9B%E0%AB%8B%2C%20%E0%AA%AA%E0%AA%A3%20%E0%AA%A4%E0%AA%AE%E0%AA%BE%E0%AA%B0%E0%AB%80%20%E0%AA%8F%E0%AA%A1%20%E0%AA%A8%E0%AB%80%E0%AA%9A%E0%AB%87%20%E0%AB%A7%E0%AB%AB-%E0%AB%A8%E0%AB%A6%20%E0%AA%B9%E0%AB%8B%E0%AA%B2%E0%AA%B8%E0%AB%87%E0%AA%B2%20%E0%AA%B5%E0%AB%87%E0%AA%AA%E0%AA%BE%E0%AA%B0%E0%AB%80%E0%AA%93%E0%AA%A8%E0%AA%BE%20%E0%AA%AD%E0%AA%BE%E0%AA%B5%20%E0%AA%AA%E0%AB%82%E0%AA%9B%E0%AB%87%E0%AA%B2%E0%AA%BE%20%E0%AA%AE%E0%AB%87%E0%AA%B8%E0%AB%87%E0%AA%9C%20%E0%AA%95%E0%AA%B2%E0%AA%BE%E0%AA%95%E0%AB%8B%20%E0%AA%B8%E0%AB%81%E0%AA%A7%E0%AB%80%20%E0%AA%B5%E0%AA%97%E0%AA%B0%20%E0%AA%9C%E0%AA%B5%E0%AA%BE%E0%AA%AC%E0%AB%87%20%E0%AA%AA%E0%AA%A1%E0%AB%8D%E0%AA%AF%E0%AA%BE%20%E0%AA%B0%E0%AA%B9%E0%AB%87%20%E0%AA%9B%E0%AB%87%21%20%E0%AA%B8%E0%AB%8C%E0%AA%A5%E0%AB%80%20%E0%AA%AE%E0%AB%8B%E0%AA%9F%E0%AB%80%20%E0%AA%AE%E0%AB%81%E0%AA%B6%E0%AB%8D%E0%AA%95%E0%AB%87%E0%AA%B2%E0%AB%80%20%E0%AA%8F%20%E0%AA%9B%E0%AB%87%20%E0%AA%95%E0%AB%87%20%E0%AA%AC%E0%AB%80%E0%AA%9C%E0%AA%BE%20%E0%AA%A6%E0%AA%B2%E0%AA%BE%E0%AA%B2%E0%AB%8B%20%E0%AA%A4%E0%AA%AE%E0%AA%BE%E0%AA%B0%E0%AB%80%20%E0%AA%8F%E0%AA%A1%20%E0%AA%A8%E0%AB%80%E0%AA%9A%E0%AB%87%20%E0%AA%AA%E0%AB%8B%E0%AA%A4%E0%AA%BE%E0%AA%A8%E0%AB%8B%20%E0%AA%A8%E0%AA%82%E0%AA%AC%E0%AA%B0%20%E0%AA%AE%E0%AB%82%E0%AA%95%E0%AB%80%E0%AA%A8%E0%AB%87%20%E0%AA%B8%E0%AB%80%E0%AA%A7%E0%AB%8B%20%E0%AA%A4%E0%AA%AE%E0%AA%BE%E0%AA%B0%E0%AB%8B%20%E0%AA%95%E0%AA%B8%E0%AB%8D%E0%AA%9F%E0%AA%AE%E0%AA%B0%20%E0%AA%9A%E0%AB%8B%E0%AA%B0%E0%AB%80%20%E0%AA%9C%E0%AA%BE%E0%AA%AF%20%E0%AA%9B%E0%AB%87.%0A%0A%E0%AA%85%E0%AA%AE%E0%AB%87%20%E0%AA%96%E0%AA%BE%E0%AA%B8%20%E0%AA%B8%E0%AB%81%E0%AA%B0%E0%AA%A4%E0%AA%A8%E0%AA%BE%20Real%20Estate%20%26%20Builders%20%E0%AA%B5%E0%AB%87%E0%AA%AA%E0%AA%BE%E0%AA%B0%E0%AB%80%E0%AA%93%20%E0%AA%AE%E0%AA%BE%E0%AA%9F%E0%AB%87%20%22Autonomous%20AI%20Facebook%20Sales%20Agent%22%20%E0%AA%A4%E0%AB%88%E0%AA%AF%E0%AA%BE%E0%AA%B0%20%E0%AA%95%E0%AA%B0%E0%AB%8D%E0%AA%AF%E0%AB%81%E0%AA%82%20%E0%AA%9B%E0%AB%87%3A%0A%0A%E2%9A%A1%20%E0%AB%A6.%E0%AB%A6%E0%AB%AB%20%E0%AA%B8%E0%AB%87%E0%AA%95%E0%AA%A8%E0%AB%8D%E0%AA%A1%E0%AA%AE%E0%AA%BE%E0%AA%82%20%E0%AA%9C%E0%AA%BE%E0%AA%B9%E0%AB%87%E0%AA%B0%20%E0%AA%B0%E0%AA%BF%E0%AA%AA%E0%AB%8D%E0%AA%B2%E0%AA%BE%E0%AA%AF%20%2B%20%E0%AA%AA%E0%AB%8D%E0%AA%B0%E0%AA%BE%E0%AA%87%E0%AA%B5%E0%AB%87%E0%AA%9F%20%E0%AA%AE%E0%AB%87%E0%AA%B8%E0%AB%87%E0%AA%A8%E0%AB%8D%E0%AA%9C%E0%AA%B0%20%E0%AA%A1%E0%AB%80%E0%AA%8F%E0%AA%AE%0A%F0%9F%9B%A1%EF%B8%8F%20%E0%AA%AC%E0%AB%8D%E0%AA%B0%E0%AB%8B%E0%AA%95%E0%AA%B0%20%E0%AA%B6%E0%AB%80%E0%AA%B2%E0%AB%8D%E0%AA%A1%3A%20%E0%AA%95%E0%AB%8B%E0%AA%88%20%E0%AA%A6%E0%AA%B2%E0%AA%BE%E0%AA%B2%20%E0%AA%95%E0%AA%AE%E0%AB%87%E0%AA%A8%E0%AB%8D%E0%AA%9F%E0%AA%AE%E0%AA%BE%E0%AA%82%20%E0%AA%A8%E0%AA%82%E0%AA%AC%E0%AA%B0%20%E0%AA%AE%E0%AB%82%E0%AA%95%E0%AB%87%20%E0%AA%A4%E0%AB%8B%20%E0%AB%A6.%E0%AB%A6%E0%AB%A8%20%E0%AA%B8%E0%AB%87%E0%AA%95%E0%AA%A8%E0%AB%8D%E0%AA%A1%E0%AA%AE%E0%AA%BE%E0%AA%82%20%E0%AA%93%E0%AA%9F%E0%AB%8B-%E0%AA%B9%E0%AA%BE%E0%AA%88%E0%AA%A1%0A%F0%9F%97%A3%EF%B8%8F%20%E0%AA%85%E0%AA%B8%E0%AA%B2%20%E0%AA%B8%E0%AB%81%E0%AA%B0%E0%AA%A4%E0%AB%80%20%E0%AA%B5%E0%AB%87%E0%AA%AA%E0%AA%BE%E0%AA%B0%E0%AB%80%20%E0%AA%AD%E0%AA%BE%E0%AA%B7%E0%AA%BE%20%26%20%E0%AA%AD%E0%AA%BE%E0%AA%B5%E0%AA%AE%E0%AA%BE%E0%AA%82%20%E0%AA%A1%E0%AB%80%E0%AA%B2%E0%AA%BF%E0%AA%82%E0%AA%97%0A%F0%9F%93%B2%20%E0%AA%97%E0%AB%8D%E0%AA%B0%E0%AA%BE%E0%AA%B9%E0%AA%95%20%E0%AA%A8%E0%AA%82%E0%AA%AC%E0%AA%B0%20%E0%AA%86%E0%AA%AA%E0%AB%87%20%E0%AA%95%E0%AB%87%20%E0%AA%A4%E0%AA%B0%E0%AA%A4%20%E0%AA%A4%E0%AA%AE%E0%AA%BE%E0%AA%B0%E0%AA%BE%20Telegram%20%E0%AA%AA%E0%AA%B0%20%E0%AA%B9%E0%AB%8B%E0%AA%9F%20%E0%AA%B2%E0%AB%80%E0%AA%A1%20%E0%AA%8F%E0%AA%B2%E0%AA%B0%E0%AB%8D%E0%AA%9F%21%0A%0A%F0%9F%92%BC%20%E0%AA%96%E0%AA%BE%E0%AA%B8%20%E0%AA%B8%E0%AB%81%E0%AA%B0%E0%AA%A4%20%E0%AA%93%E0%AA%AB%E0%AA%B0%3A%20%E0%AA%93%E0%AA%B0%E0%AB%8D%E0%AA%A1%E0%AA%B0%20%E0%AA%B8%E0%AA%BE%E0%AA%A5%E0%AB%87%20%E0%AA%AE%E0%AA%BE%E0%AA%A4%E0%AB%8D%E0%AA%B0%20%E0%AB%A8%E0%AB%A6%25%20%E0%AA%8F%E0%AA%A1%E0%AA%B5%E0%AA%BE%E0%AA%A8%E0%AB%8D%E0%AA%B8%20%E0%AA%AC%E0%AB%81%E0%AA%95%E0%AA%BF%E0%AA%82%E0%AA%97.%0A%E0%AA%AC%E0%AA%BE%E0%AA%95%E0%AB%80%E0%AA%A8%E0%AA%BE%20%E0%AB%AE%E0%AB%A6%25%20%E0%AA%B0%E0%AA%95%E0%AA%AE%20%E0%AA%A4%E0%AA%AE%E0%AA%BE%E0%AA%B0%E0%AB%80%20%E0%AA%AA%E0%AB%87%E0%AA%9C%20%E0%AA%AA%E0%AA%B0%20AI%20%E0%AA%B2%E0%AA%BE%E0%AA%88%E0%AA%B5%20%E0%AA%A5%E0%AA%88%20%E0%AA%9C%E0%AA%BE%E0%AA%AF%20%E0%AA%A4%E0%AB%87%20%E0%AA%AA%E0%AA%9B%E0%AB%80%20%E0%AA%9C%20%E0%AA%86%E0%AA%AA%E0%AA%B5%E0%AA%BE%E0%AA%A8%E0%AB%80%21%0A%0A%F0%9F%91%89%20%E0%AB%A7%E0%AB%A6%20%E0%AA%B8%E0%AB%87%E0%AA%95%E0%AA%A8%E0%AB%8D%E0%AA%A1%E0%AA%A8%E0%AB%8B%20%E0%AA%B2%E0%AA%BE%E0%AA%88%E0%AA%B5%20%E0%AA%A1%E0%AB%87%E0%AA%AE%E0%AB%8B%20%E0%AA%9A%E0%AB%87%E0%AA%95%20%E0%AA%95%E0%AA%B0%E0%AB%8B%3A%20https%3A//algorise-ai.surge.sh/%23surat-facebook-agent%0A%F0%9F%91%89%20%E0%AA%B5%E0%AA%BF%E0%AA%97%E0%AA%A4%E0%AA%B5%E0%AA%BE%E0%AA%B0%20%E0%AA%AA%E0%AB%8D%E0%AA%B2%E0%AA%BE%E0%AA%A8%20%26%20%E0%AA%AA%E0%AB%8D%E0%AA%B0%E0%AA%BE%E0%AA%87%E0%AA%B8%E0%AA%BF%E0%AA%82%E0%AA%97%3A%20https%3A//algorise-ai.surge.sh/field_pitch.html%0A%0A%E0%AA%86%E0%AA%AA%E0%AA%A8%E0%AA%BE%20%E0%AA%85%E0%AA%A8%E0%AB%81%E0%AA%95%E0%AB%82%E0%AA%B3%20%E0%AA%B8%E0%AA%AE%E0%AA%AF%E0%AB%87%20%E0%AA%B5%E0%AA%BE%E0%AA%A4%20%E0%AA%95%E0%AA%B0%E0%AA%B5%E0%AA%BE%20%E0%AA%B5%E0%AA%BF%E0%AA%A8%E0%AA%82%E0%AA%A4%E0%AB%80.,"નમસ્તે Avadh Luxury Living Projects સાહેબ, 🙏

તમે દર મહિને ફેસબુક અને ઇન્સ્ટાગ્રામ એડ્સ પાછળ મોટો ખર્ચ કરો છો, પણ તમારી એડ નીચે ૧૫-૨૦ હોલસેલ વેપારીઓના ભાવ પૂછેલા મેસેજ કલાકો સુધી વગર જવાબે પડ્યા રહે છે! સૌથી મોટી મુશ્કેલી એ છે કે બીજા દલાલો તમારી એડ નીચે પોતાનો નંબર મૂકીને સીધો તમારો કસ્ટમર ચોરી જાય છે.

અમે ખાસ સુરતના Real Estate & Builders વેપારીઓ માટે ""Autonomous AI Facebook Sales Agent"" તૈયાર કર્યું છે:

⚡ ૦.૦૫ સેકન્ડમાં જાહેર રિપ્લાય + પ્રાઇવેટ મેસેન્જર ડીએમ
🛡️ બ્રોકર શીલ્ડ: કોઈ દલાલ કમેન્ટમાં નંબર મૂકે તો ૦.૦૨ સેકન્ડમાં ઓટો-હાઈડ
🗣️ અસલ સુરતી વેપારી ભાષા & ભાવમાં ડીલિંગ
📲 ગ્રાહક નંબર આપે કે તરત તમારા Telegram પર હોટ લીડ એલર્ટ!

💼 ખાસ સુરત ઓફર: ઓર્ડર સાથે માત્ર ૨૦% એડવાન્સ બુકિંગ.
બાકીના ૮૦% રકમ તમારી પેજ પર AI લાઈવ થઈ જાય તે પછી જ આપવાની!

👉 ૧૦ સેકન્ડનો લાઈવ ડેમો ચેક કરો: https://algorise-ai.surge.sh/#surat-facebook-agent
👉 વિગતવાર પ્લાન & પ્રાઇસિંગ: https://algorise-ai.surge.sh/field_pitch.html

આપના અનુકૂળ સમયે વાત કરવા વિનંતી."
